source,target,frequency,traj_ids
0,1,23,"[[1, 1], [1, 41], [1, 48], [1, 59], [35, 1], [35, 2], [35, 5], [35, 9], [35, 13], [35, 14], [35, 15], [35, 16], [35, 18], [35, 23], [35, 24], [35, 30], [35, 31], [35, 35], [35, 38], [35, 42], [35, 44], [35, 51], [35, 62]]"
1,2,9,"[[1, 1], [1, 16], [1, 35], [1, 36], [1, 41], [1, 62], [1, 64], [1, 69]]"
2,3,5,"[[1, 2], [1, 13], [1, 14], [1, 22], [1, 25]]"
3,0,25,"[[1, 2], [1, 5], [1, 13], [1, 25], [5, 1], [5, 3], [5, 6], [5, 18], [5, 27], [5, 71], [12, 51], [35, 23], [35, 60], [96, 11], [96, 12], [96, 51], [96, 72], [96, 74], [96, 94], [96, 107], [179, 8], [179, 18], [179, 21], [179, 27], [179, 62]]"
0,4,14,"[[1, 2], [1, 9], [1, 13], [35, 8], [36, 14], [36, 44], [44, 72], [52, 47], [52, 71], [52, 93], [71, 57], [71, 71], [91, 19], [104, 115]]"
4,5,1,"[[1, 2]]"
5,163,1,"[[1, 2]]"
163,0,3,"[[1, 2], [1, 30], [1, 67]]"
0,6,25,"[[1, 2], [1, 30], [1, 51], [52, 25], [52, 90], [67, 55], [71, 9], [71, 30], [71, 34], [71, 35], [71, 38], [74, 1], [74, 12], [74, 22], [74, 29], [74, 45], [74, 68], [74, 69], [74, 71], [74, 80], [96, 66], [104, 14], [134, 15], [134, 44], [179, 29]]"
2,1,20,"[[1, 3], [1, 4], [1, 5], [1, 16], [1, 19], [1, 26], [1, 27], [1, 28], [1, 31], [1, 35], [1, 36], [1, 39], [1, 45], [1, 59], [1, 62], [1, 63], [1, 64], [1, 65], [1, 67], [1, 69]]"
1,7,1,"[[1, 3]]"
7,8,1,"[[1, 3]]"
8,9,2,"[[1, 3], [38, 96]]"
9,8,1,"[[1, 3]]"
8,2,2,"[[1, 3], [1, 44]]"
1,10,1,"[[1, 4]]"
10,24,2,"[[1, 4], [1, 35]]"
24,10,2,"[[1, 4], [1, 35]]"
10,0,2,"[[1, 4], [44, 2]]"
0,11,10,"[[1, 5], [24, 60], [44, 12], [44, 39], [44, 63], [82, 21], [82, 44], [82, 57], [179, 11], [179, 18]]"
11,2,1,"[[1, 5]]"
1,3,3,"[[1, 5], [1, 7], [35, 60]]"
0,2,5,"[[1, 6], [1, 22], [1, 24], [1, 66], [1, 68]]"
4,12,2,"[[1, 9], [35, 23]]"
12,2,2,"[[1, 9], [1, 46]]"
0,3,24,"[[1, 12], [1, 13], [1, 30], [1, 38], [1, 50], [1, 52], [5, 2], [5, 14], [5, 18], [5, 27], [5, 71], [5, 76], [35, 19], [35, 34], [35, 41], [35, 53], [96, 2], [96, 12], [96, 27], [96, 31], [96, 57], [96, 75], [179, 21], [179, 27]]"
3,2,3,"[[1, 12], [1, 13], [1, 52]]"
4,6,9,"[[1, 13], [1, 26], [24, 74], [38, 32], [82, 96], [104, 6], [104, 102], [174, 34], [174, 63]]"
6,0,27,"[[1, 13], [1, 26], [1, 30], [1, 67], [24, 6], [35, 13], [36, 31], [38, 24], [67, 42], [67, 50], [67, 85], [67, 96], [71, 4], [71, 6], [71, 8], [71, 13], [71, 22], [71, 31], [71, 41], [71, 42], [71, 60], [71, 62], [73, 9], [82, 96], [96, 6], [96, 66], [179, 29]]"
3,163,1,"[[1, 14]]"
163,4,1,"[[1, 14]]"
4,13,1,"[[1, 14]]"
2,10,1,"[[1, 15]]"
10,2,1,"[[1, 15]]"
2,0,7,"[[1, 15], [1, 17], [1, 21], [1, 30], [1, 47], [1, 49], [1, 60]]"
0,14,4,"[[1, 15], [12, 4], [35, 52], [67, 120]]"
14,0,3,"[[1, 15], [24, 85], [67, 120]]"
2,12,4,"[[1, 16], [1, 51], [1, 53], [1, 55]]"
12,15,1,"[[1, 16]]"
15,16,1,"[[1, 16]]"
16,19,1,"[[1, 16]]"
19,2,2,"[[1, 16], [1, 25]]"
0,217,1,"[[1, 18]]"
217,2,1,"[[1, 18]]"
1,12,1,"[[1, 19]]"
12,0,4,"[[1, 19], [1, 51], [1, 53], [1, 55]]"
6,5,1,"[[1, 20]]"
5,0,1,"[[1, 20]]"
0,17,3,"[[1, 20], [52, 70], [104, 77]]"
17,12,1,"[[1, 20]]"
6,18,1,"[[1, 23]]"
0,19,2,"[[1, 25], [96, 105]]"
1,20,1,"[[1, 26]]"
20,4,13,"[[1, 26], [38, 32], [52, 49], [52, 68], [71, 57], [96, 85], [96, 94], [104, 66], [104, 85], [147, 68], [174, 12], [179, 10], [179, 62]]"
1,4,2,"[[1, 27], [24, 74]]"
4,21,13,"[[1, 27], [38, 7], [38, 28], [38, 33], [38, 35], [38, 37], [38, 74], [38, 77], [44, 67], [52, 57], [104, 59], [104, 100], [174, 6]]"
21,20,4,"[[1, 27], [38, 55], [38, 69], [38, 70]]"
1,0,8,"[[1, 28], [1, 31], [1, 37], [1, 59], [1, 63], [1, 69], [35, 32], [35, 54]]"
0,163,1,"[[1, 30]]"
0,22,3,"[[1, 32], [1, 54], [35, 39]]"
22,2,2,"[[1, 32], [1, 54]]"
217,0,2,"[[1, 33], [1, 71]]"
0,123,2,"[[1, 34], [35, 7]]"
1,23,7,"[[1, 35], [1, 36], [1, 39], [1, 45], [1, 62], [1, 65], [1, 67]]"
23,0,2,"[[1, 35], [1, 62]]"
0,10,6,"[[1, 35], [44, 1], [44, 8], [44, 21], [44, 42], [44, 62]]"
10,1,1,"[[1, 35]]"
23,26,2,"[[1, 36], [36, 63]]"
26,25,1,"[[1, 36]]"
25,26,1,"[[1, 36]]"
26,8,1,"[[1, 36]]"
8,1,1,"[[1, 36]]"
3,217,1,"[[1, 38]]"
217,19,1,"[[1, 38]]"
19,7,1,"[[1, 38]]"
7,2,3,"[[1, 38], [1, 43], [1, 59]]"
2,23,1,"[[1, 42]]"
0,7,3,"[[1, 43], [1, 59], [35, 43]]"
0,8,4,"[[1, 44], [5, 52], [35, 32], [82, 17]]"
0,12,4,"[[1, 46], [1, 61], [35, 3], [35, 36]]"
3,1,1,"[[1, 50]]"
0,195,2,"[[1, 55], [67, 6]]"
195,0,5,"[[1, 55], [12, 45], [67, 6], [67, 108], [67, 115]]"
0,27,2,"[[1, 62]]"
27,0,2,"[[1, 62]]"
0,20,9,"[[1, 62], [19, 45], [78, 2], [96, 94], [104, 1], [174, 12], [174, 62], [179, 10], [179, 62]]"
20,1,2,"[[1, 62], [1, 69]]"
0,18,13,"[[1, 64], [1, 67], [35, 9], [36, 31], [44, 69], [71, 28], [71, 32], [74, 78], [96, 6], [174, 2], [174, 13], [174, 43], [174, 51]]"
18,1,1,"[[1, 64]]"
23,28,1,"[[1, 67]]"
28,163,1,"[[1, 67]]"
18,6,4,"[[1, 67], [36, 31], [96, 6], [174, 51]]"
0,29,1,"[[1, 69]]"
29,30,1,"[[1, 69]]"
30,20,1,"[[1, 69]]"
2,19,1,"[[1, 70]]"
19,0,1,"[[1, 70]]"
2,217,1,"[[1, 71]]"
0,31,1,"[[5, 1]]"
31,32,1,"[[5, 1]]"
32,0,2,"[[5, 1], [5, 29]]"
3,33,3,"[[5, 2], [5, 14], [5, 27]]"
33,3,4,"[[5, 3], [5, 6], [5, 27], [5, 71]]"
0,34,31,"[[5, 6], [38, 31], [96, 1], [96, 12], [96, 18], [96, 20], [96, 35], [96, 49], [96, 52], [96, 53], [96, 55], [96, 59], [96, 63], [96, 64], [96, 70], [96, 82], [96, 89], [96, 90], [96, 91], [96, 93], [96, 100], [96, 106], [96, 107], [96, 108], [96, 111], [179, 25], [179, 32], [179, 45], [179, 67], [179, 71]]"
34,0,27,"[[5, 6], [5, 71], [5, 72], [5, 81], [96, 1], [96, 12], [96, 21], [96, 26], [96, 32], [96, 40], [96, 42], [96, 44], [96, 48], [96, 49], [96, 54], [96, 60], [96, 69], [96, 78], [96, 92], [96, 109], [96, 112], [179, 11], [179, 25], [179, 28], [179, 32], [179, 49], [179, 61]]"
33,0,28,"[[5, 7], [5, 11], [5, 14], [5, 17], [5, 18], [5, 22], [5, 27], [5, 34], [5, 38], [5, 40], [5, 42], [5, 43], [5, 45], [5, 47], [5, 50], [5, 52], [5, 53], [5, 62], [5, 66], [5, 84], [44, 49], [44, 60], [96, 3], [96, 14], [96, 98], [179, 36]]"
0,33,24,"[[5, 11], [5, 18], [5, 22], [5, 23], [5, 27], [5, 38], [5, 44], [5, 46], [5, 52], [5, 53], [5, 62], [5, 63], [5, 66], [5, 71], [5, 75], [5, 79], [35, 52], [44, 48], [96, 49], [96, 78], [96, 80], [96, 109]]"
0,35,4,"[[5, 13], [5, 66], [12, 19], [67, 43]]"
35,0,2,"[[5, 13], [67, 43]]"
33,8,1,"[[5, 14]]"
8,20,2,"[[5, 14], [82, 17]]"
20,6,3,"[[5, 14], [52, 22], [104, 62]]"
6,36,1,"[[5, 14]]"
36,30,1,"[[5, 14]]"
30,17,1,"[[5, 14]]"
17,34,1,"[[5, 14]]"
34,33,5,"[[5, 14], [5, 63], [5, 66], [44, 49], [96, 49]]"
33,246,1,"[[5, 14]]"
246,0,1,"[[5, 14]]"
33,37,4,"[[5, 18], [5, 26], [5, 62]]"
37,33,4,"[[5, 18], [5, 26], [5, 62]]"
0,38,5,"[[5, 22], [5, 29], [5, 37], [5, 53], [44, 52]]"
38,0,5,"[[5, 22], [5, 23], [5, 29], [5, 37], [168, 22]]"
33,38,1,"[[5, 23]]"
33,39,1,"[[5, 26]]"
0,32,1,"[[5, 29]]"
33,4,1,"[[5, 33]]"
4,26,2,"[[5, 33], [147, 74]]"
26,20,1,"[[5, 33]]"
20,33,1,"[[5, 33]]"
0,40,12,"[[5, 47], [35, 13], [35, 25], [35, 33], [35, 40], [35, 48], [35, 58], [35, 67], [35, 74], [36, 21], [67, 2], [147, 49]]"
40,32,1,"[[5, 47]]"
32,31,1,"[[5, 47]]"
31,0,1,"[[5, 47]]"
0,41,5,"[[5, 50], [44, 12], [52, 9], [73, 9], [134, 8]]"
41,4,8,"[[5, 50], [36, 48], [38, 38], [38, 102], [52, 9], [52, 46], [52, 92], [104, 100]]"
4,0,19,"[[5, 50], [35, 24], [35, 43], [35, 71], [36, 14], [36, 48], [44, 20], [44, 72], [52, 6], [52, 63], [52, 68], [91, 19], [96, 106], [104, 52], [147, 67], [147, 82], [147, 83], [174, 62], [179, 71]]"
8,6,1,"[[5, 52]]"
6,8,3,"[[5, 52], [38, 96], [174, 50]]"
8,0,3,"[[5, 52], [96, 95], [179, 63]]"
38,32,1,"[[5, 53]]"
32,40,1,"[[5, 53]]"
40,0,8,"[[5, 53], [24, 6], [35, 43], [35, 60], [35, 65], [96, 103], [147, 15], [179, 70]]"
3,34,2,"[[5, 56], [5, 81]]"
33,152,1,"[[5, 58]]"
152,4,1,"[[5, 58]]"
33,34,7,"[[5, 63], [5, 66], [96, 49], [96, 92], [96, 109], [179, 61]]"
0,207,1,"[[5, 67]]"
0,43,28,"[[12, 1], [12, 9], [12, 19], [12, 22], [12, 25], [12, 26], [12, 27], [12, 30], [12, 31], [12, 32], [12, 39], [12, 40], [12, 42], [12, 43], [12, 46], [12, 48], [12, 49], [12, 51], [12, 52], [12, 57], [12, 62], [12, 63], [12, 64], [12, 69], [12, 72], [12, 73], [12, 74], [12, 77]]"
43,4,1,"[[12, 1]]"
14,60,1,"[[12, 4]]"
3,44,1,"[[12, 8]]"
44,0,5,"[[12, 8], [12, 15], [12, 24], [12, 27], [44, 42]]"
43,44,3,"[[12, 9], [12, 15], [12, 27]]"
43,45,1,"[[12, 19]]"
45,0,2,"[[12, 19], [24, 48]]"
35,46,1,"[[12, 19]]"
43,17,1,"[[12, 22]]"
17,25,1,"[[12, 22]]"
25,47,1,"[[12, 22]]"
43,48,1,"[[12, 26]]"
43,20,1,"[[12, 32]]"
20,0,9,"[[12, 32], [19, 45], [78, 2], [82, 17], [96, 94], [104, 77], [104, 84], [179, 16], [179, 62]]"
123,43,1,"[[12, 34]]"
0,50,4,"[[12, 35], [35, 51], [36, 41], [91, 12]]"
50,43,1,"[[12, 35]]"
0,51,1,"[[12, 38]]"
51,0,1,"[[12, 38]]"
43,0,7,"[[12, 40], [12, 42], [12, 43], [12, 56], [12, 70], [12, 71], [96, 89]]"
43,16,1,"[[12, 48]]"
16,0,2,"[[12, 48], [12, 50]]"
43,3,1,"[[12, 51]]"
47,43,1,"[[12, 56]]"
43,6,1,"[[12, 59]]"
53,54,1,"[[19, 2]]"
54,55,1,"[[19, 2]]"
55,56,1,"[[19, 2]]"
59,52,2,"[[19, 15], [19, 37]]"
57,60,2,"[[19, 38], [19, 50]]"
58,55,1,"[[19, 40]]"
56,57,1,"[[19, 50]]"
58,52,1,"[[19, 59]]"
55,52,1,"[[19, 61]]"
52,56,1,"[[19, 61]]"
0,30,36,"[[24, 1], [24, 4], [24, 6], [36, 14], [36, 15], [36, 18], [36, 23], [36, 24], [36, 25], [36, 31], [36, 35], [36, 36], [36, 39], [36, 41], [36, 44], [36, 46], [36, 49], [36, 53], [36, 54], [36, 56], [36, 57], [36, 60], [36, 63], [36, 65], [44, 20], [52, 18], [96, 103], [147, 9], [147, 16], [147, 33], [147, 37]]"
30,0,29,"[[24, 1], [24, 6], [36, 14], [36, 15], [36, 24], [36, 25], [36, 31], [36, 35], [36, 36], [36, 39], [36, 41], [36, 44], [36, 46], [36, 49], [36, 54], [36, 57], [36, 58], [36, 60], [36, 61], [36, 63], [36, 65], [44, 20], [147, 19]]"
0,134,4,"[[24, 1], [36, 8], [44, 21], [71, 58]]"
134,30,1,"[[24, 1]]"
0,61,4,"[[24, 4], [36, 28], [36, 32], [36, 64]]"
61,0,4,"[[24, 4], [36, 32], [36, 46], [36, 64]]"
30,62,1,"[[24, 6]]"
62,63,1,"[[24, 6]]"
63,6,1,"[[24, 6]]"
97,64,2,"[[24, 9], [24, 50]]"
65,66,1,"[[24, 10]]"
66,64,2,"[[24, 10], [24, 16]]"
64,67,2,"[[24, 11], [24, 90]]"
67,64,3,"[[24, 11], [24, 57], [24, 90]]"
64,4,3,"[[24, 12], [24, 19], [24, 53]]"
4,64,1,"[[24, 12]]"
64,94,2,"[[24, 13], [24, 85]]"
94,64,2,"[[24, 13], [24, 85]]"
64,68,8,"[[24, 14], [24, 17], [24, 18], [24, 41], [24, 43], [24, 64], [24, 67], [24, 81]]"
68,69,1,"[[24, 15]]"
69,70,1,"[[24, 15]]"
70,71,1,"[[24, 15]]"
71,64,1,"[[24, 15]]"
11,51,1,"[[24, 16]]"
51,66,1,"[[24, 16]]"
68,72,2,"[[24, 17]]"
72,68,2,"[[24, 17]]"
68,73,1,"[[24, 17]]"
68,74,1,"[[24, 18]]"
74,64,2,"[[24, 18], [24, 93]]"
4,75,1,"[[24, 19]]"
75,76,1,"[[24, 19]]"
76,64,1,"[[24, 19]]"
64,11,2,"[[24, 19], [24, 60]]"
64,127,1,"[[24, 20]]"
127,77,1,"[[24, 20]]"
77,78,1,"[[24, 20]]"
78,6,2,"[[24, 20], [38, 30]]"
6,64,1,"[[24, 20]]"
64,79,3,"[[24, 21], [24, 51], [24, 56]]"
79,80,1,"[[24, 21]]"
80,81,1,"[[24, 22]]"
81,80,1,"[[24, 24]]"
80,82,1,"[[24, 25]]"
80,79,6,"[[24, 27], [24, 29], [24, 40], [24, 57], [24, 63]]"
79,82,2,"[[24, 27], [24, 29]]"
82,80,1,"[[24, 27]]"
80,83,1,"[[24, 28]]"
83,77,1,"[[24, 28]]"
77,64,1,"[[24, 28]]"
64,82,2,"[[24, 28], [24, 39]]"
64,71,2,"[[24, 31], [24, 35]]"
71,73,1,"[[24, 31]]"
73,64,4,"[[24, 31], [24, 67], [24, 68], [24, 89]]"
64,84,2,"[[24, 32], [24, 91]]"
84,4,1,"[[24, 32]]"
4,1,2,"[[24, 32], [24, 53]]"
1,64,4,"[[24, 32], [24, 43], [24, 53], [24, 74]]"
64,66,1,"[[24, 32]]"
85,4,1,"[[24, 33]]"
20,64,1,"[[24, 34]]"
71,68,1,"[[24, 35]]"
68,64,5,"[[24, 35], [24, 55], [24, 72], [24, 87], [24, 92]]"
64,65,1,"[[24, 39]]"
65,86,1,"[[24, 39]]"
86,64,1,"[[24, 39]]"
79,87,3,"[[24, 40], [24, 57], [24, 62]]"
68,88,1,"[[24, 41]]"
64,89,2,"[[24, 42], [24, 54]]"
89,64,1,"[[24, 42]]"
68,1,1,"[[24, 43]]"
90,91,1,"[[24, 44]]"
64,20,1,"[[24, 45]]"
20,92,1,"[[24, 45]]"
92,93,1,"[[24, 45]]"
93,20,4,"[[24, 45], [52, 22], [104, 47], [104, 85]]"
20,94,1,"[[24, 45]]"
94,79,1,"[[24, 45]]"
80,64,1,"[[24, 46]]"
64,91,3,"[[24, 46], [24, 60], [24, 75]]"
91,64,4,"[[24, 46], [24, 60], [24, 75], [24, 84]]"
64,0,3,"[[24, 47], [24, 57], [24, 79]]"
0,45,1,"[[24, 47]]"
64,95,2,"[[24, 49], [24, 55]]"
95,68,2,"[[24, 49], [24, 55]]"
68,95,1,"[[24, 49]]"
95,64,1,"[[24, 49]]"
64,96,1,"[[24, 50]]"
96,97,1,"[[24, 50]]"
79,98,1,"[[24, 51]]"
98,81,1,"[[24, 51]]"
81,90,2,"[[24, 52], [24, 63]]"
90,228,1,"[[24, 52]]"
228,64,1,"[[24, 52]]"
64,85,2,"[[24, 52], [24, 76]]"
89,66,1,"[[24, 54]]"
87,80,1,"[[24, 57]]"
79,67,1,"[[24, 57]]"
0,99,11,"[[24, 58], [24, 85], [38, 1], [38, 106], [44, 20], [44, 36], [91, 36], [91, 40], [96, 86], [179, 23], [179, 57]]"
99,64,3,"[[24, 58], [24, 76], [24, 85]]"
64,100,1,"[[24, 59]]"
100,64,1,"[[24, 59]]"
11,0,1,"[[24, 60]]"
11,64,1,"[[24, 60]]"
64,86,1,"[[24, 62]]"
86,79,1,"[[24, 62]]"
79,81,1,"[[24, 63]]"
68,101,1,"[[24, 64]]"
101,85,1,"[[24, 64]]"
85,64,2,"[[24, 64], [24, 70]]"
68,102,1,"[[24, 67]]"
102,0,1,"[[24, 67]]"
0,73,3,"[[24, 67], [24, 79], [24, 89]]"
64,21,1,"[[24, 70]]"
21,73,1,"[[24, 70]]"
73,85,1,"[[24, 70]]"
64,12,2,"[[24, 72], [24, 78]]"
12,45,1,"[[24, 72]]"
45,103,1,"[[24, 72]]"
103,68,2,"[[24, 72], [24, 92]]"
103,64,1,"[[24, 73]]"
64,1,1,"[[24, 74]]"
6,1,1,"[[24, 74]]"
85,104,1,"[[24, 76]]"
104,105,1,"[[24, 76]]"
105,99,1,"[[24, 76]]"
64,101,2,"[[24, 77], [24, 87]]"
101,68,2,"[[24, 77], [24, 87]]"
68,105,1,"[[24, 77]]"
12,4,1,"[[24, 78]]"
48,0,4,"[[24, 80], [44, 29], [44, 62], [44, 72]]"
68,108,2,"[[24, 81], [24, 99]]"
108,64,1,"[[24, 81]]"
64,106,1,"[[24, 82]]"
106,88,1,"[[24, 82]]"
88,67,1,"[[24, 82]]"
0,68,1,"[[24, 84]]"
68,91,1,"[[24, 84]]"
64,107,1,"[[24, 85]]"
107,14,1,"[[24, 85]]"
64,73,1,"[[24, 86]]"
64,108,1,"[[24, 88]]"
108,46,1,"[[24, 88]]"
46,68,1,"[[24, 88]]"
68,109,1,"[[24, 88]]"
64,105,1,"[[24, 89]]"
105,85,1,"[[24, 89]]"
85,0,1,"[[24, 89]]"
84,64,1,"[[24, 91]]"
64,103,1,"[[24, 92]]"
64,110,1,"[[24, 93]]"
110,74,1,"[[24, 93]]"
0,112,1,"[[24, 95]]"
112,111,3,"[[24, 95], [24, 96]]"
111,112,2,"[[24, 95], [24, 96]]"
111,45,1,"[[24, 95]]"
45,64,1,"[[24, 95]]"
45,111,1,"[[24, 96]]"
111,73,1,"[[24, 96]]"
73,4,2,"[[24, 96], [52, 52]]"
64,113,1,"[[24, 98]]"
113,64,1,"[[24, 98]]"
7,64,1,"[[24, 99]]"
64,90,1,"[[24, 99]]"
90,114,1,"[[24, 99]]"
114,68,4,"[[24, 99], [24, 100]]"
68,114,2,"[[24, 99], [24, 100]]"
115,0,54,"[[35, 1], [35, 2], [35, 3], [35, 4], [35, 5], [35, 9], [35, 10], [35, 13], [35, 17], [35, 18], [35, 19], [35, 21], [35, 22], [35, 27], [35, 28], [35, 29], [35, 30], [35, 33], [35, 34], [35, 35], [35, 36], [35, 38], [35, 40], [35, 41], [35, 42], [35, 43], [35, 44], [35, 45], [35, 48], [35, 49], [35, 51], [35, 52], [35, 55], [35, 56], [35, 57], [35, 58], [35, 61], [35, 62], [35, 63], [35, 64], [35, 67], [35, 68], [35, 69], [35, 70], [35, 71], [35, 74], [52, 42], [52, 61]]"
116,117,3,"[[35, 2], [35, 37], [35, 63]]"
117,115,3,"[[35, 2], [35, 37], [35, 63]]"
115,12,2,"[[35, 2], [35, 11]]"
12,116,3,"[[35, 2], [35, 3], [35, 11]]"
116,78,1,"[[35, 2]]"
78,115,1,"[[35, 2]]"
116,115,19,"[[35, 3], [35, 10], [35, 14], [35, 27], [35, 28], [35, 29], [35, 30], [35, 33], [35, 40], [35, 42], [35, 43], [35, 44], [35, 51], [35, 52], [35, 57], [35, 62], [35, 69], [35, 70], [35, 71]]"
115,5,2,"[[35, 3], [35, 42]]"
5,83,2,"[[35, 3], [35, 42]]"
83,0,83,"[[35, 3], [35, 12], [35, 19], [35, 21], [35, 22], [35, 27], [35, 28], [35, 29], [35, 30], [35, 33], [35, 34], [35, 35], [35, 36], [35, 37], [35, 42], [35, 44], [35, 45], [35, 48], [35, 49], [35, 50], [35, 51], [35, 52], [35, 55], [35, 57], [35, 58], [35, 60], [35, 62], [35, 63], [35, 64], [35, 65], [35, 67], [35, 69], [35, 70], [35, 71], [35, 74], [67, 5], [67, 43], [67, 47], [67, 53], [67, 54], [67, 57], [67, 61], [67, 64], [67, 68], [67, 73], [67, 79], [67, 81], [67, 82], [67, 86], [67, 92], [67, 100], [71, 18], [71, 19], [71, 21], [71, 27], [71, 29], [71, 36], [71, 37], [71, 39], [71, 53], [71, 57], [71, 67], [71, 71], [74, 7], [74, 11], [74, 20], [74, 23], [74, 26], [74, 30], [74, 31], [74, 33], [74, 36], [74, 37], [74, 39], [74, 40], [74, 54], [74, 56], [74, 67], [74, 68], [74, 74], [74, 75], [74, 83], [74, 89]]"
0,115,43,"[[35, 3], [35, 13], [35, 18], [35, 19], [35, 20], [35, 21], [35, 22], [35, 26], [35, 27], [35, 28], [35, 29], [35, 30], [35, 34], [35, 35], [35, 36], [35, 37], [35, 41], [35, 42], [35, 43], [35, 44], [35, 45], [35, 46], [35, 49], [35, 50], [35, 51], [35, 52], [35, 55], [35, 56], [35, 57], [35, 58], [35, 61], [35, 62], [35, 63], [35, 64], [35, 65], [35, 68], [35, 69], [35, 70], [35, 71]]"
116,12,2,"[[35, 4], [35, 45]]"
12,115,2,"[[35, 4], [35, 45]]"
115,83,13,"[[35, 4], [35, 14], [35, 27], [35, 29], [35, 34], [35, 36], [35, 44], [35, 45], [35, 49], [35, 57], [35, 62], [35, 64], [35, 71]]"
83,118,2,"[[35, 4], [174, 53]]"
118,115,1,"[[35, 4]]"
116,1,9,"[[35, 5], [35, 12], [35, 32], [35, 48], [35, 54], [35, 55], [35, 58], [35, 60], [35, 64]]"
1,115,7,"[[35, 5], [35, 12], [35, 48], [35, 55], [35, 58], [35, 64], [35, 71]]"
115,119,1,"[[35, 5]]"
119,115,1,"[[35, 5]]"
116,20,6,"[[35, 6], [35, 22], [35, 23], [35, 34], [35, 36], [35, 65]]"
20,120,2,"[[35, 6], [35, 23]]"
120,123,1,"[[35, 6]]"
123,116,1,"[[35, 6]]"
116,121,2,"[[35, 6], [35, 24]]"
121,0,1,"[[35, 6]]"
0,117,9,"[[35, 6], [35, 21], [35, 27], [35, 45], [35, 49], [35, 52], [35, 59], [35, 68], [35, 69]]"
117,116,4,"[[35, 6], [35, 45], [35, 52], [35, 54]]"
116,122,6,"[[35, 7], [35, 16], [35, 32], [35, 39], [35, 47], [35, 53]]"
122,66,1,"[[35, 7]]"
66,1,1,"[[35, 7]]"
1,116,9,"[[35, 7], [35, 9], [35, 13], [35, 23], [35, 24], [35, 32], [35, 38], [35, 42], [35, 71]]"
116,0,10,"[[35, 7], [35, 15], [35, 16], [35, 47], [35, 52], [35, 53], [35, 54], [35, 59], [35, 66]]"
116,7,5,"[[35, 8], [35, 13], [35, 31], [35, 35], [35, 57]]"
7,0,1,"[[35, 8]]"
4,83,11,"[[35, 8], [35, 12], [35, 55], [52, 93], [67, 5], [67, 54], [71, 57], [104, 7], [104, 16], [174, 25], [179, 10]]"
83,18,8,"[[35, 8], [67, 40], [67, 66], [74, 2], [74, 9], [74, 58], [74, 72], [168, 39]]"
0,124,1,"[[35, 9]]"
124,0,2,"[[35, 9], [67, 45]]"
18,115,1,"[[35, 9]]"
0,119,1,"[[35, 10]]"
119,83,1,"[[35, 10]]"
115,4,2,"[[35, 12], [35, 55]]"
0,125,1,"[[35, 12]]"
125,116,1,"[[35, 12]]"
7,115,3,"[[35, 13], [35, 35], [35, 57]]"
40,83,16,"[[35, 13], [35, 20], [35, 28], [35, 33], [35, 35], [35, 37], [35, 40], [35, 48], [35, 50], [35, 52], [35, 58], [35, 67], [35, 74], [74, 33], [147, 75], [147, 80]]"
83,6,5,"[[35, 13], [67, 42], [71, 9], [71, 22], [74, 35]]"
83,119,1,"[[35, 14]]"
119,0,1,"[[35, 14]]"
116,8,2,"[[35, 15], [35, 67]]"
8,120,1,"[[35, 15]]"
120,126,1,"[[35, 15]]"
126,116,1,"[[35, 15]]"
122,116,4,"[[35, 16], [35, 39], [35, 47], [35, 53]]"
116,127,3,"[[35, 17], [35, 38], [35, 46]]"
127,115,2,"[[35, 17], [35, 38]]"
0,83,64,"[[35, 17], [35, 43], [35, 60], [35, 65], [67, 5], [67, 41], [67, 48], [67, 49], [67, 51], [67, 56], [67, 60], [67, 63], [67, 65], [67, 70], [67, 71], [67, 74], [67, 78], [67, 84], [67, 87], [67, 88], [67, 91], [67, 95], [67, 97], [67, 101], [67, 102], [67, 103], [71, 3], [71, 5], [71, 14], [71, 20], [71, 23], [71, 25], [71, 26], [71, 40], [71, 43], [71, 45], [71, 52], [71, 66], [74, 8], [74, 13], [74, 15], [74, 17], [74, 24], [74, 27], [74, 32], [74, 34], [74, 38], [74, 41], [74, 42], [74, 46], [74, 48], [74, 50], [74, 55], [74, 57], [74, 61], [74, 63], [74, 66], [74, 75], [74, 79], [74, 85], [74, 88], [147, 64], [147, 70], [147, 77]]"
83,21,4,"[[35, 17], [38, 49], [38, 55], [74, 16]]"
21,83,6,"[[35, 17], [35, 19], [35, 21], [38, 49], [174, 45], [174, 51]]"
116,128,3,"[[35, 19], [35, 20], [35, 21]]"
128,115,3,"[[35, 19], [35, 20], [35, 21]]"
115,21,2,"[[35, 19], [35, 21]]"
3,116,3,"[[35, 19], [35, 34], [35, 53]]"
115,40,15,"[[35, 20], [35, 22], [35, 28], [35, 30], [35, 35], [35, 37], [35, 43], [35, 45], [35, 50], [35, 52], [35, 57], [35, 63], [35, 65], [35, 70], [35, 71]]"
83,28,2,"[[35, 20], [71, 49]]"
28,0,5,"[[35, 20], [35, 25], [52, 21], [71, 50], [71, 63]]"
115,125,1,"[[35, 20]]"
125,5,1,"[[35, 20]]"
5,1,1,"[[35, 20]]"
20,115,4,"[[35, 22], [35, 34], [35, 36], [35, 65]]"
40,18,3,"[[35, 22], [35, 57], [35, 70]]"
18,83,6,"[[35, 22], [35, 57], [35, 70], [67, 90], [74, 36], [74, 78]]"
0,116,11,"[[35, 22], [35, 28], [35, 29], [35, 34], [35, 47], [35, 54], [35, 57], [35, 63], [35, 66], [35, 70], [35, 73]]"
120,21,1,"[[35, 23]]"
21,129,2,"[[35, 23], [38, 42]]"
129,4,1,"[[35, 23]]"
12,130,1,"[[35, 23]]"
130,116,1,"[[35, 23]]"
116,3,1,"[[35, 23]]"
121,122,1,"[[35, 24]]"
122,6,1,"[[35, 24]]"
6,21,13,"[[35, 24], [36, 69], [38, 30], [38, 31], [38, 32], [52, 86], [52, 90], [104, 113], [174, 21], [174, 51], [174, 63]]"
21,78,12,"[[35, 24], [38, 21], [38, 30], [38, 36], [38, 69], [44, 67], [52, 87], [74, 16], [104, 81], [174, 8], [174, 25], [174, 52]]"
78,21,11,"[[35, 24], [38, 5], [38, 17], [38, 21], [38, 23], [38, 36], [38, 69], [44, 67], [52, 87], [104, 81], [174, 45]]"
21,4,12,"[[35, 24], [36, 48], [38, 28], [38, 35], [38, 36], [38, 62], [52, 57], [104, 112], [174, 6], [174, 39], [174, 62], [174, 63]]"
116,123,1,"[[35, 25]]"
123,115,1,"[[35, 25]]"
115,28,2,"[[35, 25], [52, 61]]"
40,6,4,"[[35, 25], [35, 30], [35, 63], [35, 71]]"
6,83,9,"[[35, 25], [35, 30], [35, 63], [35, 69], [35, 71], [52, 36], [67, 47], [74, 37], [74, 68]]"
115,7,1,"[[35, 26]]"
7,116,1,"[[35, 26]]"
7,120,1,"[[35, 31]]"
120,131,1,"[[35, 31]]"
131,21,1,"[[35, 31]]"
21,0,9,"[[35, 31], [38, 31], [38, 45], [44, 4], [52, 88], [52, 90], [52, 104], [104, 81], [174, 51]]"
122,1,1,"[[35, 32]]"
8,116,1,"[[35, 32]]"
115,117,1,"[[35, 37]]"
116,46,1,"[[35, 39]]"
46,0,1,"[[35, 39]]"
22,116,1,"[[35, 39]]"
83,4,10,"[[35, 43], [35, 71], [52, 93], [67, 5], [67, 56], [104, 16], [147, 81], [174, 25], [174, 45], [174, 51]]"
40,115,1,"[[35, 45]]"
127,120,1,"[[35, 46]]"
120,0,2,"[[35, 46], [35, 59]]"
115,116,1,"[[35, 46]]"
116,73,1,"[[35, 49]]"
73,115,1,"[[35, 49]]"
116,4,2,"[[35, 50], [35, 74]]"
4,115,2,"[[35, 50], [35, 74]]"
115,124,1,"[[35, 50]]"
124,125,1,"[[35, 50]]"
125,20,1,"[[35, 50]]"
20,116,1,"[[35, 50]]"
50,83,1,"[[35, 51]]"
14,132,1,"[[35, 52]]"
132,0,1,"[[35, 52]]"
33,116,1,"[[35, 52]]"
0,222,1,"[[35, 54]]"
222,117,1,"[[35, 54]]"
83,115,1,"[[35, 57]]"
0,120,1,"[[35, 59]]"
0,13,3,"[[35, 60], [52, 8], [78, 67]]"
13,40,1,"[[35, 60]]"
0,46,1,"[[35, 61]]"
46,116,1,"[[35, 61]]"
8,115,1,"[[35, 67]]"
115,6,1,"[[35, 69]]"
115,1,1,"[[35, 71]]"
134,0,5,"[[36, 7], [36, 28], [36, 44], [44, 21], [71, 58]]"
135,136,1,"[[36, 9]]"
0,137,1,"[[36, 19]]"
137,27,1,"[[36, 19]]"
27,148,1,"[[36, 19]]"
148,0,1,"[[36, 19]]"
40,30,1,"[[36, 21]]"
30,27,1,"[[36, 21]]"
27,137,1,"[[36, 21]]"
137,0,1,"[[36, 21]]"
223,0,2,"[[36, 28], [71, 58]]"
61,134,1,"[[36, 28]]"
30,69,3,"[[36, 39], [36, 44]]"
50,4,2,"[[36, 41], [52, 57]]"
4,138,2,"[[36, 41], [38, 36]]"
138,20,4,"[[36, 41], [38, 36], [52, 1], [52, 22]]"
20,139,1,"[[36, 41]]"
139,30,1,"[[36, 41]]"
69,30,2,"[[36, 44]]"
30,61,1,"[[36, 46]]"
30,140,1,"[[36, 47]]"
140,0,1,"[[36, 47]]"
30,21,1,"[[36, 48]]"
4,41,12,"[[36, 48], [52, 97], [104, 11], [104, 28], [104, 34], [104, 56], [104, 57], [104, 73], [104, 83], [104, 91], [104, 93], [104, 100]]"
30,141,1,"[[36, 49]]"
141,25,4,"[[36, 49], [52, 60], [52, 61], [52, 70]]"
25,30,18,"[[36, 49], [52, 18], [52, 29], [52, 30], [52, 40], [52, 54], [52, 56], [78, 53], [147, 8], [147, 14], [147, 19], [147, 35], [147, 46], [147, 56], [147, 57], [147, 60], [147, 66], [147, 79]]"
9,0,1,"[[36, 52]]"
0,47,2,"[[36, 60], [44, 4]]"
47,0,2,"[[36, 60], [44, 12]]"
26,30,1,"[[36, 63]]"
143,147,3,"[[36, 68], [36, 70], [36, 71]]"
147,53,2,"[[36, 68], [36, 72]]"
53,144,1,"[[36, 68]]"
144,143,1,"[[36, 68]]"
143,145,1,"[[36, 68]]"
145,146,3,"[[36, 68], [36, 71], [36, 72]]"
145,6,1,"[[36, 69]]"
21,144,4,"[[36, 69], [38, 97], [38, 104], [44, 68]]"
144,188,1,"[[36, 69]]"
188,149,1,"[[36, 69]]"
149,146,1,"[[36, 69]]"
146,143,2,"[[36, 70], [36, 71]]"
147,143,1,"[[36, 70]]"
143,188,1,"[[36, 70]]"
147,148,1,"[[36, 71]]"
148,144,1,"[[36, 71]]"
144,149,1,"[[36, 71]]"
149,145,2,"[[36, 71], [36, 72]]"
146,149,1,"[[36, 72]]"
149,147,2,"[[36, 72]]"
53,149,1,"[[36, 72]]"
146,145,1,"[[36, 72]]"
145,149,1,"[[36, 72]]"
99,10,2,"[[38, 1], [44, 20]]"
150,164,2,"[[38, 2], [44, 64]]"
164,0,22,"[[38, 2], [44, 64], [82, 63], [82, 70], [82, 89], [91, 37], [91, 39], [91, 63], [91, 71], [91, 73], [96, 49], [96, 59], [96, 100], [96, 103], [179, 4], [179, 17], [179, 27], [179, 32], [179, 40], [179, 42], [179, 54], [179, 67]]"
21,151,9,"[[38, 5], [38, 27], [38, 31], [38, 38], [38, 58], [38, 88], [38, 94]]"
151,78,1,"[[38, 5]]"
21,41,4,"[[38, 7], [38, 19], [38, 38], [104, 100]]"
41,152,1,"[[38, 7]]"
152,21,1,"[[38, 7]]"
21,6,16,"[[38, 7], [38, 16], [38, 24], [38, 28], [38, 30], [38, 32], [38, 33], [38, 37], [38, 77], [38, 85], [44, 67], [44, 69], [174, 11], [174, 32], [174, 50]]"
6,4,22,"[[38, 7], [38, 30], [38, 32], [38, 33], [38, 37], [38, 77], [44, 20], [52, 18], [52, 29], [67, 58], [96, 106], [104, 6], [104, 7], [104, 14], [104, 19], [104, 28], [104, 57], [104, 102], [174, 34], [174, 63], [179, 71]]"
21,153,2,"[[38, 7], [174, 65]]"
153,21,3,"[[38, 7], [174, 24], [174, 65]]"
21,154,2,"[[38, 8], [38, 14]]"
154,76,3,"[[38, 8], [38, 13], [38, 14]]"
76,36,1,"[[38, 8]]"
36,21,3,"[[38, 8], [104, 81], [104, 114]]"
21,36,1,"[[38, 10]]"
36,154,1,"[[38, 10]]"
155,21,3,"[[38, 11], [38, 23], [52, 79]]"
76,154,1,"[[38, 13]]"
154,21,1,"[[38, 13]]"
6,186,2,"[[38, 16], [38, 85]]"
186,21,5,"[[38, 16], [38, 85], [52, 84], [52, 87], [174, 5]]"
21,245,3,"[[38, 16], [174, 55], [174, 60]]"
245,162,1,"[[38, 16]]"
162,21,3,"[[38, 16], [38, 30], [44, 4]]"
21,18,4,"[[38, 18], [52, 80], [52, 81], [174, 42]]"
18,0,8,"[[38, 18], [67, 98], [71, 10], [74, 72], [134, 34], [134, 43], [174, 42], [179, 51]]"
41,138,1,"[[38, 19]]"
151,21,6,"[[38, 23], [38, 31], [38, 38], [38, 58], [38, 88]]"
21,155,1,"[[38, 23]]"
21,60,2,"[[38, 23], [38, 78]]"
60,78,1,"[[38, 23]]"
0,21,8,"[[38, 24], [38, 45], [52, 78], [52, 82], [96, 88], [134, 69], [174, 11], [174, 30]]"
21,162,1,"[[38, 30]]"
4,126,1,"[[38, 30]]"
126,15,1,"[[38, 30]]"
15,126,1,"[[38, 30]]"
126,6,1,"[[38, 30]]"
34,22,1,"[[38, 31]]"
22,6,1,"[[38, 31]]"
4,20,8,"[[38, 32], [52, 1], [52, 9], [52, 29], [52, 49], [96, 94], [104, 84], [179, 62]]"
20,21,2,"[[38, 36], [174, 62]]"
4,156,2,"[[38, 38], [52, 57]]"
156,20,1,"[[38, 38]]"
20,138,3,"[[38, 38], [52, 1], [52, 52]]"
138,41,1,"[[38, 38]]"
41,21,1,"[[38, 38]]"
129,21,3,"[[38, 42], [44, 68], [174, 11]]"
20,22,1,"[[38, 55]]"
22,49,1,"[[38, 55]]"
49,83,1,"[[38, 55]]"
20,157,1,"[[38, 69]]"
157,138,1,"[[38, 69]]"
138,21,1,"[[38, 69]]"
158,4,1,"[[38, 74]]"
21,159,5,"[[38, 91], [174, 28], [174, 54], [174, 55], [174, 58]]"
159,21,4,"[[38, 91], [174, 51], [174, 54], [174, 55]]"
9,160,4,"[[38, 96], [38, 104], [38, 108], [38, 110]]"
160,9,2,"[[38, 97], [38, 99]]"
9,21,3,"[[38, 97], [38, 104], [38, 110]]"
144,21,3,"[[38, 97], [38, 104], [38, 105]]"
21,9,3,"[[38, 97], [38, 104], [38, 110]]"
9,32,1,"[[38, 101]]"
32,160,1,"[[38, 101]]"
160,41,1,"[[38, 102]]"
4,25,10,"[[38, 102], [52, 22], [52, 32], [52, 34], [52, 41], [52, 47], [52, 56], [147, 69], [147, 72], [147, 76]]"
25,144,1,"[[38, 102]]"
144,148,1,"[[38, 102]]"
148,21,1,"[[38, 102]]"
4,63,1,"[[38, 107]]"
161,9,1,"[[38, 109]]"
150,10,3,"[[44, 2], [44, 16], [44, 20]]"
148,162,1,"[[44, 4]]"
47,163,1,"[[44, 4]]"
0,150,5,"[[44, 6], [44, 15], [44, 29], [44, 30], [44, 64]]"
167,99,1,"[[44, 7]]"
99,0,7,"[[44, 7], [44, 38], [44, 40], [78, 95], [82, 92], [82, 94], [179, 22]]"
0,164,32,"[[44, 10], [44, 61], [67, 30], [82, 47], [91, 15], [91, 29], [91, 31], [91, 38], [91, 45], [91, 47], [91, 49], [91, 57], [91, 59], [91, 64], [91, 72], [91, 80], [96, 3], [96, 13], [96, 92], [96, 95], [96, 100], [96, 103], [179, 32], [179, 36], [179, 43], [179, 46], [179, 51], [179, 60], [179, 61], [179, 63], [179, 67], [179, 70]]"
168,25,1,"[[44, 12]]"
25,0,30,"[[44, 12], [52, 17], [52, 23], [52, 25], [52, 26], [52, 33], [52, 38], [52, 39], [52, 44], [52, 47], [52, 51], [52, 58], [52, 70], [73, 20], [147, 2], [147, 5], [147, 10], [147, 12], [147, 17], [147, 21], [147, 25], [147, 26], [147, 28], [147, 31], [147, 42], [147, 50], [147, 52], [147, 64], [147, 70], [147, 77]]"
41,47,1,"[[44, 12]]"
11,10,1,"[[44, 12]]"
10,150,6,"[[44, 12], [44, 19], [44, 20], [44, 21], [44, 24], [44, 62]]"
150,0,4,"[[44, 15], [44, 21], [44, 22], [44, 62]]"
10,107,2,"[[44, 16], [82, 42]]"
107,0,1,"[[44, 16]]"
41,0,2,"[[44, 19], [104, 101]]"
0,165,1,"[[44, 19]]"
165,10,1,"[[44, 19]]"
10,166,1,"[[44, 20]]"
166,6,1,"[[44, 20]]"
201,0,1,"[[44, 24]]"
0,166,4,"[[44, 24], [44, 41], [73, 42], [134, 1]]"
166,10,1,"[[44, 24]]"
168,0,2,"[[44, 25], [44, 51]]"
166,0,3,"[[44, 26], [44, 41], [82, 41]]"
0,48,4,"[[44, 29], [44, 62], [44, 72], [104, 22]]"
0,167,3,"[[44, 32], [44, 50], [78, 20]]"
167,150,2,"[[44, 32], [44, 50]]"
0,94,1,"[[44, 38]]"
94,150,1,"[[44, 38]]"
11,167,1,"[[44, 39]]"
150,99,1,"[[44, 40]]"
209,0,5,"[[44, 44], [91, 3], [91, 19], [91, 27], [91, 52]]"
201,107,1,"[[44, 55]]"
164,150,1,"[[44, 61]]"
11,201,1,"[[44, 63]]"
201,150,1,"[[44, 63]]"
182,25,1,"[[44, 67]]"
25,4,8,"[[44, 67], [52, 6], [52, 19], [52, 31], [52, 34], [52, 49], [52, 56], [52, 63]]"
18,129,1,"[[44, 68]]"
144,18,1,"[[44, 68]]"
18,77,1,"[[44, 68]]"
77,169,1,"[[44, 68]]"
63,77,1,"[[44, 69]]"
77,0,2,"[[44, 69], [134, 4]]"
18,21,3,"[[44, 69], [174, 2], [174, 13]]"
170,97,1,"[[44, 70]]"
97,20,1,"[[44, 70]]"
20,8,1,"[[44, 70]]"
8,169,1,"[[44, 70]]"
0,171,4,"[[44, 72], [67, 61], [67, 67], [67, 83]]"
20,49,1,"[[52, 1]]"
49,173,1,"[[52, 1]]"
173,25,6,"[[52, 1], [52, 18], [52, 30], [52, 37], [52, 41], [52, 57]]"
30,172,1,"[[52, 3]]"
20,25,2,"[[52, 9], [52, 29]]"
28,4,5,"[[52, 13], [52, 20], [52, 32], [52, 33]]"
0,25,21,"[[52, 14], [52, 21], [52, 24], [52, 39], [52, 42], [52, 50], [52, 51], [52, 54], [52, 58], [52, 64], [52, 73], [78, 53], [147, 1], [147, 11], [147, 20], [147, 24], [147, 30], [147, 43], [147, 51], [147, 82], [147, 83]]"
25,6,5,"[[52, 14], [52, 36], [147, 71], [147, 73], [147, 84]]"
6,30,2,"[[52, 14], [52, 25]]"
30,173,2,"[[52, 18], [52, 30]]"
30,6,5,"[[52, 18], [52, 29], [52, 56], [147, 66], [147, 79]]"
4,69,5,"[[52, 18], [52, 29], [52, 37], [52, 43], [52, 57]]"
69,25,5,"[[52, 18], [52, 37], [52, 43], [52, 57], [147, 65]]"
4,92,2,"[[52, 19], [104, 6]]"
92,41,1,"[[52, 19]]"
41,51,1,"[[52, 19]]"
51,25,1,"[[52, 19]]"
0,28,7,"[[52, 20], [52, 26], [52, 38], [52, 39], [71, 2], [71, 63], [71, 73]]"
4,174,3,"[[52, 20], [52, 32]]"
174,28,1,"[[52, 21]]"
61,138,1,"[[52, 22]]"
20,93,1,"[[52, 22]]"
6,118,2,"[[52, 22], [134, 15]]"
118,119,1,"[[52, 22]]"
119,4,1,"[[52, 22]]"
0,157,1,"[[52, 23]]"
157,93,1,"[[52, 23]]"
93,92,2,"[[52, 23], [104, 20]]"
92,175,5,"[[52, 23], [104, 6], [104, 20], [104, 71], [104, 74]]"
175,180,3,"[[52, 23], [104, 55], [104, 77]]"
180,41,2,"[[52, 23], [52, 92]]"
41,25,3,"[[52, 23], [52, 92], [104, 101]]"
0,174,2,"[[52, 24], [52, 33]]"
174,0,3,"[[52, 24], [52, 39], [52, 50]]"
6,171,1,"[[52, 25]]"
171,6,1,"[[52, 25]]"
30,25,6,"[[52, 25], [52, 40], [52, 54], [52, 55], [147, 16], [147, 33]]"
28,174,4,"[[52, 26], [52, 38], [52, 39], [52, 43]]"
0,139,1,"[[52, 28]]"
139,25,2,"[[52, 28], [52, 52]]"
69,6,1,"[[52, 29]]"
4,175,10,"[[52, 31], [52, 47], [52, 92], [104, 12], [104, 14], [104, 34], [104, 58], [104, 87], [104, 102], [104, 115]]"
175,41,11,"[[52, 31], [52, 92], [104, 1], [104, 7], [104, 12], [104, 17], [104, 97], [104, 101], [104, 103], [104, 110], [104, 111]]"
41,49,1,"[[52, 31]]"
49,25,1,"[[52, 31]]"
25,28,3,"[[52, 32], [52, 42]]"
174,4,2,"[[52, 32], [52, 43]]"
174,25,2,"[[52, 32], [52, 38]]"
174,61,1,"[[52, 33]]"
61,25,2,"[[52, 33], [52, 49]]"
25,49,2,"[[52, 33], [104, 101]]"
49,28,1,"[[52, 33]]"
50,25,1,"[[52, 34]]"
158,25,3,"[[52, 35], [52, 44], [52, 53]]"
83,25,2,"[[52, 36], [147, 58]]"
25,118,1,"[[52, 37]]"
118,4,2,"[[52, 37], [174, 8]]"
25,173,2,"[[52, 37], [52, 41]]"
25,176,1,"[[52, 39]]"
176,177,3,"[[52, 39], [52, 44], [52, 58]]"
177,176,1,"[[52, 39]]"
28,115,2,"[[52, 42], [52, 61]]"
178,28,1,"[[52, 43]]"
177,158,1,"[[52, 44]]"
0,179,2,"[[52, 44], [52, 56]]"
175,4,14,"[[52, 47], [104, 16], [104, 19], [104, 29], [104, 34], [104, 49], [104, 60], [104, 70], [104, 73], [104, 83], [104, 91], [104, 102], [104, 109], [104, 112]]"
4,93,4,"[[52, 49], [104, 6], [104, 15], [104, 112]]"
93,180,2,"[[52, 49], [104, 99]]"
180,4,2,"[[52, 49], [52, 68]]"
4,61,1,"[[52, 49]]"
25,20,2,"[[52, 52], [147, 68]]"
138,4,3,"[[52, 52], [52, 97], [104, 6]]"
4,139,1,"[[52, 52]]"
25,73,1,"[[52, 52]]"
4,179,1,"[[52, 52]]"
25,158,1,"[[52, 53]]"
6,17,1,"[[52, 56]]"
17,179,1,"[[52, 56]]"
179,49,1,"[[52, 56]]"
49,0,2,"[[52, 56], [104, 37]]"
179,25,1,"[[52, 56]]"
25,60,1,"[[52, 57]]"
60,158,2,"[[52, 57], [52, 91]]"
158,179,1,"[[52, 57]]"
179,173,1,"[[52, 57]]"
25,50,1,"[[52, 57]]"
156,4,1,"[[52, 57]]"
177,172,1,"[[52, 58]]"
172,181,1,"[[52, 58]]"
181,25,2,"[[52, 58], [52, 93]]"
25,179,1,"[[52, 58]]"
25,141,2,"[[52, 59], [52, 73]]"
141,181,1,"[[52, 59]]"
25,181,1,"[[52, 60]]"
182,181,6,"[[52, 61], [52, 62], [52, 65], [52, 69], [52, 71], [52, 94]]"
181,174,1,"[[52, 61]]"
174,158,1,"[[52, 61]]"
158,181,2,"[[52, 61], [52, 91]]"
181,141,3,"[[52, 61], [52, 67], [52, 71]]"
25,115,1,"[[52, 61]]"
0,181,5,"[[52, 61], [52, 63], [52, 66], [52, 67], [52, 68]]"
141,4,2,"[[52, 62], [52, 72]]"
4,46,2,"[[52, 62], [104, 86]]"
46,182,1,"[[52, 62]]"
141,183,3,"[[52, 64], [52, 69], [52, 71]]"
183,200,1,"[[52, 64]]"
200,0,1,"[[52, 64]]"
183,177,1,"[[52, 65]]"
177,0,1,"[[52, 65]]"
0,182,1,"[[52, 65]]"
141,231,1,"[[52, 67]]"
231,0,1,"[[52, 67]]"
4,180,3,"[[52, 68], [52, 92], [104, 101]]"
181,182,1,"[[52, 68]]"
183,182,1,"[[52, 69]]"
141,0,1,"[[52, 71]]"
4,182,1,"[[52, 71]]"
183,181,1,"[[52, 71]]"
4,17,1,"[[52, 72]]"
17,181,1,"[[52, 72]]"
181,0,1,"[[52, 73]]"
18,184,2,"[[52, 80], [52, 81]]"
232,186,1,"[[52, 84]]"
21,185,1,"[[52, 87]]"
185,186,1,"[[52, 87]]"
0,184,1,"[[52, 88]]"
49,4,3,"[[52, 92], [104, 37], [104, 101]]"
4,178,1,"[[52, 93]]"
178,181,1,"[[52, 93]]"
25,178,1,"[[52, 94]]"
178,182,1,"[[52, 94]]"
141,172,1,"[[52, 95]]"
172,177,1,"[[52, 95]]"
30,181,1,"[[52, 96]]"
0,138,1,"[[52, 97]]"
41,118,1,"[[52, 97]]"
118,20,1,"[[52, 97]]"
21,188,1,"[[52, 103]]"
188,21,1,"[[52, 103]]"
191,0,2,"[[67, 16], [134, 25]]"
0,193,5,"[[67, 32], [82, 19], [82, 59], [82, 81], [82, 83]]"
0,194,1,"[[67, 38]]"
125,6,2,"[[67, 58], [104, 19]]"
171,4,1,"[[67, 61]]"
0,205,8,"[[67, 93], [82, 41], [82, 46], [82, 50], [82, 62], [82, 69], [82, 73], [82, 96]]"
205,0,4,"[[67, 93], [82, 45], [82, 46], [82, 61]]"
6,28,1,"[[71, 9]]"
28,83,2,"[[71, 9], [71, 73]]"
171,18,1,"[[71, 10]]"
0,60,1,"[[71, 15]]"
118,0,1,"[[71, 44]]"
124,28,1,"[[71, 46]]"
4,196,1,"[[71, 57]]"
196,92,2,"[[71, 57]]"
92,196,1,"[[71, 57]]"
92,20,2,"[[71, 57], [104, 66]]"
83,197,1,"[[71, 58]]"
197,0,2,"[[71, 58], [71, 62]]"
0,132,1,"[[71, 58]]"
132,223,1,"[[71, 58]]"
0,197,1,"[[71, 62]]"
41,6,4,"[[73, 9], [104, 7], [104, 57], [104, 100]]"
0,198,1,"[[73, 13]]"
198,199,2,"[[73, 13], [73, 20]]"
199,198,2,"[[73, 14], [73, 20]]"
198,190,1,"[[73, 14]]"
190,198,1,"[[73, 20]]"
198,25,1,"[[73, 20]]"
18,35,1,"[[74, 2]]"
151,6,1,"[[74, 14]]"
78,0,5,"[[74, 16], [74, 28], [74, 90], [74, 91], [134, 44]]"
167,0,3,"[[78, 20], [91, 17], [91, 35]]"
0,200,1,"[[78, 25]]"
0,159,1,"[[78, 43]]"
159,0,1,"[[78, 44]]"
13,0,2,"[[78, 67], [82, 10]]"
0,201,1,"[[78, 95]]"
201,167,1,"[[78, 95]]"
167,10,1,"[[78, 95]]"
10,99,1,"[[78, 95]]"
0,152,1,"[[82, 18]]"
152,0,2,"[[82, 18], [134, 58]]"
202,203,1,"[[82, 37]]"
0,204,1,"[[82, 39]]"
204,205,1,"[[82, 39]]"
205,10,3,"[[82, 42], [82, 51], [82, 85]]"
11,205,1,"[[82, 44]]"
205,193,1,"[[82, 46]]"
193,205,4,"[[82, 46], [82, 47], [82, 59], [82, 83]]"
164,193,1,"[[82, 47]]"
0,206,2,"[[82, 52], [82, 66]]"
206,205,5,"[[82, 52], [82, 57], [82, 66], [82, 76], [82, 95]]"
0,107,3,"[[82, 55], [91, 25], [179, 6]]"
107,205,1,"[[82, 55]]"
205,39,2,"[[82, 56], [82, 74]]"
11,206,1,"[[82, 57]]"
205,207,1,"[[82, 57]]"
205,11,1,"[[82, 60]]"
205,164,2,"[[82, 63], [82, 70]]"
54,205,1,"[[82, 72]]"
241,200,1,"[[82, 79]]"
200,208,1,"[[82, 79]]"
208,205,1,"[[82, 79]]"
0,39,1,"[[82, 88]]"
0,62,2,"[[82, 90], [82, 95]]"
62,193,1,"[[82, 90]]"
62,206,1,"[[82, 95]]"
205,165,1,"[[82, 96]]"
165,0,4,"[[82, 96], [96, 87], [168, 1], [179, 58]]"
209,164,13,"[[91, 5], [91, 37], [91, 39], [91, 44], [91, 46], [91, 48], [91, 63], [91, 65], [91, 71], [91, 73], [91, 74], [91, 85], [91, 87]]"
164,209,13,"[[91, 6], [91, 8], [91, 10], [91, 15], [91, 47], [91, 62], [91, 72], [91, 80], [91, 82], [91, 88], [91, 89], [91, 95], [91, 98]]"
0,209,8,"[[91, 16], [91, 18], [91, 23], [91, 34], [91, 55], [91, 84], [91, 86], [91, 93]]"
209,167,4,"[[91, 17], [91, 28], [91, 35], [91, 58]]"
107,164,2,"[[91, 25], [179, 6]]"
164,211,1,"[[91, 31]]"
0,212,1,"[[91, 33]]"
99,209,2,"[[91, 36], [91, 40]]"
164,107,1,"[[91, 48]]"
209,213,3,"[[91, 50], [91, 69], [91, 79]]"
211,213,1,"[[91, 66]]"
209,211,2,"[[91, 67], [91, 81]]"
211,0,1,"[[91, 67]]"
213,0,1,"[[91, 69]]"
211,164,1,"[[91, 77]]"
164,214,16,"[[96, 13], [96, 92], [96, 97], [96, 103], [179, 6], [179, 11], [179, 18], [179, 32], [179, 34], [179, 36], [179, 41], [179, 44], [179, 51], [179, 61], [179, 65], [179, 70]]"
214,215,5,"[[96, 13], [96, 68], [96, 92], [179, 30], [179, 61]]"
215,0,3,"[[96, 13], [96, 92], [179, 61]]"
22,0,1,"[[96, 34]]"
214,216,2,"[[96, 49], [179, 30]]"
216,215,1,"[[96, 49]]"
215,164,2,"[[96, 49], [96, 80]]"
3,19,1,"[[96, 57]]"
19,217,1,"[[96, 57]]"
217,34,1,"[[96, 57]]"
0,214,7,"[[96, 59], [96, 84], [179, 1], [179, 8], [179, 19], [179, 27], [179, 39]]"
214,210,2,"[[96, 59], [179, 14]]"
210,214,3,"[[96, 59], [179, 14], [179, 31]]"
214,164,10,"[[96, 59], [96, 96], [179, 4], [179, 17], [179, 27], [179, 32], [179, 40], [179, 42], [179, 54], [179, 64]]"
215,126,1,"[[96, 68]]"
126,34,2,"[[96, 68], [179, 5]]"
0,218,2,"[[96, 69], [179, 33]]"
218,140,1,"[[96, 69]]"
140,25,1,"[[96, 69]]"
164,207,1,"[[96, 80]]"
207,0,1,"[[96, 80]]"
214,0,8,"[[96, 84], [179, 10], [179, 19], [179, 21], [179, 30], [179, 33], [179, 45], [179, 50]]"
34,20,1,"[[96, 85]]"
4,34,1,"[[96, 85]]"
214,165,2,"[[96, 87], [179, 58]]"
6,43,1,"[[96, 89]]"
0,16,2,"[[96, 92], [179, 61]]"
16,33,2,"[[96, 92], [179, 61]]"
214,212,9,"[[96, 94], [96, 99], [179, 7], [179, 12], [179, 16], [179, 30], [179, 31], [179, 62], [179, 66]]"
212,94,3,"[[96, 94], [179, 12], [179, 62]]"
94,85,2,"[[96, 94], [179, 62]]"
85,126,2,"[[96, 94], [179, 62]]"
126,3,2,"[[96, 94], [179, 62]]"
67,8,2,"[[96, 95], [179, 63]]"
222,164,2,"[[96, 97], [179, 65]]"
212,67,2,"[[96, 99], [179, 66]]"
67,108,2,"[[96, 99], [179, 66]]"
108,128,2,"[[96, 99], [179, 66]]"
128,15,2,"[[96, 99], [179, 66]]"
39,164,2,"[[96, 101], [179, 68]]"
164,215,3,"[[96, 101], [179, 60], [179, 68]]"
30,40,2,"[[96, 103], [179, 70]]"
19,34,2,"[[96, 105], [179, 49]]"
27,6,2,"[[96, 106], [179, 71]]"
34,3,2,"[[96, 107], [179, 18]]"
20,175,2,"[[104, 1], [104, 101]]"
93,4,3,"[[104, 6], [104, 43], [104, 112]]"
83,41,3,"[[104, 7], [104, 78], [168, 89]]"
41,175,9,"[[104, 7], [104, 11], [104, 17], [104, 19], [104, 28], [104, 57], [104, 63], [104, 73], [104, 78]]"
41,119,1,"[[104, 12]]"
119,220,1,"[[104, 12]]"
220,4,2,"[[104, 12], [104, 115]]"
4,47,1,"[[104, 12]]"
47,4,1,"[[104, 12]]"
93,175,5,"[[104, 15], [104, 22], [104, 48], [104, 76], [104, 104]]"
4,221,2,"[[104, 19], [104, 29]]"
221,4,5,"[[104, 19], [104, 52], [104, 53], [104, 79], [104, 86]]"
4,49,2,"[[104, 19], [104, 44]]"
49,222,1,"[[104, 19]]"
222,28,1,"[[104, 19]]"
28,125,1,"[[104, 19]]"
4,220,2,"[[104, 19], [104, 115]]"
220,41,3,"[[104, 19], [134, 18], [174, 47]]"
48,93,1,"[[104, 22]]"
175,220,1,"[[104, 24]]"
220,175,1,"[[104, 24]]"
175,49,2,"[[104, 24], [104, 37]]"
0,5,1,"[[104, 25]]"
5,6,1,"[[104, 25]]"
6,175,5,"[[104, 25], [104, 62], [104, 74], [104, 80], [104, 111]]"
47,49,1,"[[104, 27]]"
49,175,4,"[[104, 27], [104, 52], [104, 55], [104, 94]]"
6,41,4,"[[104, 31], [104, 101], [104, 110], [134, 70]]"
223,159,1,"[[104, 34]]"
159,4,1,"[[104, 34]]"
20,223,1,"[[104, 35]]"
223,41,1,"[[104, 35]]"
0,36,1,"[[104, 36]]"
0,49,3,"[[104, 37], [104, 43], [104, 52]]"
219,140,1,"[[104, 38]]"
221,139,1,"[[104, 41]]"
228,224,1,"[[104, 43]]"
224,93,1,"[[104, 43]]"
4,157,1,"[[104, 43]]"
157,0,1,"[[104, 43]]"
221,21,1,"[[104, 46]]"
225,21,2,"[[104, 49], [104, 82]]"
21,175,2,"[[104, 49], [104, 72]]"
225,223,1,"[[104, 51]]"
223,219,1,"[[104, 51]]"
175,221,4,"[[104, 53], [104, 66], [104, 80], [104, 86]]"
180,49,1,"[[104, 55]]"
92,4,2,"[[104, 56], [104, 84]]"
21,62,1,"[[104, 59]]"
175,0,2,"[[104, 61], [104, 93]]"
6,223,1,"[[104, 62]]"
223,6,1,"[[104, 62]]"
175,227,2,"[[104, 62], [104, 63]]"
219,0,1,"[[104, 63]]"
0,78,2,"[[104, 63], [134, 61]]"
78,41,1,"[[104, 63]]"
226,200,1,"[[104, 65]]"
200,225,1,"[[104, 65]]"
175,92,3,"[[104, 66], [104, 74], [104, 84]]"
4,118,1,"[[104, 66]]"
118,175,1,"[[104, 66]]"
221,219,2,"[[104, 66], [104, 80]]"
36,175,1,"[[104, 67]]"
221,175,1,"[[104, 68]]"
4,223,2,"[[104, 70], [104, 112]]"
223,175,1,"[[104, 70]]"
175,21,2,"[[104, 71], [174, 68]]"
175,6,2,"[[104, 74], [104, 101]]"
180,196,1,"[[104, 77]]"
196,20,1,"[[104, 77]]"
221,83,1,"[[104, 78]]"
0,227,1,"[[104, 81]]"
0,175,1,"[[104, 84]]"
175,93,2,"[[104, 85], [104, 90]]"
175,5,1,"[[104, 87]]"
5,4,1,"[[104, 87]]"
219,228,1,"[[104, 88]]"
175,78,1,"[[104, 89]]"
41,229,1,"[[104, 93]]"
229,175,1,"[[104, 93]]"
0,242,2,"[[104, 94], [174, 11]]"
242,49,1,"[[104, 94]]"
175,196,1,"[[104, 95]]"
196,175,1,"[[104, 95]]"
180,175,2,"[[104, 99], [104, 101]]"
6,159,1,"[[104, 100]]"
159,6,1,"[[104, 100]]"
10,245,1,"[[104, 102]]"
245,4,1,"[[104, 102]]"
219,227,2,"[[104, 105], [104, 108]]"
219,175,2,"[[104, 107], [104, 109]]"
175,219,1,"[[104, 107]]"
228,219,1,"[[104, 108]]"
41,230,2,"[[104, 110], [168, 89]]"
230,6,1,"[[104, 110]]"
41,159,1,"[[104, 111]]"
159,162,1,"[[104, 111]]"
162,6,1,"[[104, 111]]"
223,21,1,"[[104, 112]]"
21,219,1,"[[104, 113]]"
118,224,1,"[[134, 15]]"
6,220,1,"[[134, 18]]"
191,18,1,"[[134, 34]]"
0,191,4,"[[134, 39], [134, 40], [134, 42], [134, 48]]"
6,78,1,"[[134, 44]]"
41,30,1,"[[134, 53]]"
118,6,1,"[[134, 70]]"
0,231,3,"[[147, 3], [147, 53], [147, 54]]"
40,25,2,"[[147, 13], [147, 49]]"
25,40,3,"[[147, 23], [147, 41], [147, 75]]"
30,83,2,"[[147, 57], [147, 60]]"
25,140,1,"[[147, 62]]"
140,171,1,"[[147, 62]]"
4,97,1,"[[147, 63]]"
118,69,1,"[[147, 65]]"
118,139,1,"[[147, 78]]"
193,165,1,"[[168, 1]]"
232,50,1,"[[168, 15]]"
83,234,2,"[[168, 18], [168, 92]]"
69,38,1,"[[168, 22]]"
118,235,1,"[[168, 23]]"
83,237,2,"[[168, 25], [168, 31]]"
233,178,1,"[[168, 28]]"
83,62,4,"[[168, 29], [168, 35], [168, 45], [168, 48]]"
62,234,3,"[[168, 29], [168, 35], [168, 87]]"
230,178,1,"[[168, 30]]"
233,232,1,"[[168, 32]]"
232,0,1,"[[168, 32]]"
83,117,1,"[[168, 33]]"
30,236,1,"[[168, 34]]"
18,235,1,"[[168, 39]]"
235,234,1,"[[168, 39]]"
83,205,1,"[[168, 41]]"
233,220,1,"[[168, 42]]"
62,237,2,"[[168, 45], [168, 96]]"
237,235,1,"[[168, 45]]"
83,233,1,"[[168, 46]]"
233,238,1,"[[168, 46]]"
233,83,1,"[[168, 48]]"
118,62,1,"[[168, 51]]"
62,235,2,"[[168, 51], [168, 56]]"
233,4,1,"[[168, 52]]"
119,237,1,"[[168, 53]]"
237,234,1,"[[168, 53]]"
233,8,1,"[[168, 56]]"
8,4,1,"[[168, 56]]"
4,62,1,"[[168, 56]]"
6,235,1,"[[168, 58]]"
239,240,1,"[[168, 63]]"
235,238,1,"[[168, 64]]"
238,233,1,"[[168, 64]]"
83,230,1,"[[168, 68]]"
230,25,1,"[[168, 84]]"
230,232,1,"[[168, 86]]"
232,118,1,"[[168, 86]]"
230,118,1,"[[168, 88]]"
118,1,1,"[[168, 94]]"
233,118,1,"[[168, 95]]"
21,241,1,"[[174, 7]]"
241,208,1,"[[174, 7]]"
208,241,1,"[[174, 7]]"
78,118,1,"[[174, 8]]"
21,8,1,"[[174, 10]]"
8,21,1,"[[174, 10]]"
6,129,1,"[[174, 11]]"
6,127,1,"[[174, 11]]"
127,0,2,"[[174, 11], [174, 12]]"
242,0,1,"[[174, 11]]"
4,224,1,"[[174, 12]]"
224,21,1,"[[174, 12]]"
243,244,1,"[[174, 17]]"
78,83,2,"[[174, 25], [174, 61]]"
4,127,1,"[[174, 34]]"
127,4,1,"[[174, 34]]"
244,243,1,"[[174, 37]]"
18,171,1,"[[174, 43]]"
171,78,1,"[[174, 43]]"
78,171,1,"[[174, 43]]"
4,78,1,"[[174, 45]]"
245,78,1,"[[174, 47]]"
78,220,1,"[[174, 47]]"
41,78,1,"[[174, 47]]"
4,153,1,"[[174, 51]]"
245,21,1,"[[174, 55]]"
214,26,1,"[[179, 2]]"
26,0,1,"[[179, 2]]"
214,90,1,"[[179, 5]]"
90,126,1,"[[179, 5]]"
212,12,1,"[[179, 7]]"
12,44,1,"[[179, 7]]"
44,34,1,"[[179, 7]]"
11,164,2,"[[179, 11], [179, 18]]"
94,126,1,"[[179, 12]]"
126,33,1,"[[179, 12]]"
212,85,1,"[[179, 16]]"
85,20,1,"[[179, 16]]"
48,34,1,"[[179, 18]]"
211,214,1,"[[179, 20]]"
0,215,4,"[[179, 21], [179, 24], [179, 49], [179, 53]]"
215,214,3,"[[179, 21], [179, 24], [179, 30]]"
216,99,1,"[[179, 22]]"
99,214,1,"[[179, 23]]"
216,214,1,"[[179, 30]]"
212,214,1,"[[179, 30]]"
0,246,1,"[[179, 30]]"
246,34,1,"[[179, 30]]"
22,8,1,"[[179, 31]]"
8,210,1,"[[179, 31]]"
212,108,1,"[[179, 31]]"
108,4,1,"[[179, 31]]"
4,214,1,"[[179, 31]]"
0,15,1,"[[179, 41]]"
15,207,1,"[[179, 41]]"
207,164,1,"[[179, 41]]"
33,20,1,"[[179, 46]]"
20,41,1,"[[179, 46]]"
41,93,1,"[[179, 46]]"
93,0,1,"[[179, 46]]"
211,33,1,"[[179, 52]]"
214,7,1,"[[179, 56]]"
7,4,1,"[[179, 56]]"
164,39,1,"[[179, 70]]"
39,30,1,"[[179, 70]]"
