start_node,end_node,traj_set
0,1,"[""1-1"", ""1-41"", ""1-48"", ""1-59"", ""35-1"", ""35-13"", ""35-14"", ""35-15"", ""35-16"", ""35-18"", ""35-2"", ""35-23"", ""35-24"", ""35-30"", ""35-31"", ""35-35"", ""35-38"", ""35-42"", ""35-44"", ""35-5"", ""35-51"", ""35-62"", ""35-9""]"
1,2,"[""1-1"", ""1-16"", ""1-35"", ""1-36"", ""1-41"", ""1-62"", ""1-64"", ""1-69""]"
2,3,"[""1-13"", ""1-14"", ""1-2"", ""1-22"", ""1-25""]"
3,0,"[""1-13"", ""1-2"", ""1-25"", ""1-5"", ""12-51"", ""179-18"", ""179-21"", ""179-27"", ""179-62"", ""179-8"", ""35-23"", ""35-60"", ""5-1"", ""5-18"", ""5-27"", ""5-3"", ""5-6"", ""5-71"", ""96-107"", ""96-11"", ""96-12"", ""96-51"", ""96-72"", ""96-74"", ""96-94""]"
0,4,"[""1-13"", ""1-2"", ""1-9"", ""104-115"", ""35-8"", ""36-14"", ""36-44"", ""44-72"", ""52-47"", ""52-71"", ""52-93"", ""71-57"", ""71-71"", ""91-19""]"
4,5,"[""1-2""]"
5,163,"[""1-2""]"
163,0,"[""1-2"", ""1-30"", ""1-67""]"
0,6,"[""1-2"", ""1-30"", ""1-51"", ""104-14"", ""134-15"", ""134-44"", ""179-29"", ""52-25"", ""52-90"", ""67-55"", ""71-30"", ""71-34"", ""71-35"", ""71-38"", ""71-9"", ""74-1"", ""74-12"", ""74-22"", ""74-29"", ""74-45"", ""74-68"", ""74-69"", ""74-71"", ""74-80"", ""96-66""]"
2,1,"[""1-16"", ""1-19"", ""1-26"", ""1-27"", ""1-28"", ""1-3"", ""1-31"", ""1-35"", ""1-36"", ""1-39"", ""1-4"", ""1-45"", ""1-5"", ""1-59"", ""1-62"", ""1-63"", ""1-64"", ""1-65"", ""1-67"", ""1-69""]"
1,7,"[""1-3""]"
7,8,"[""1-3""]"
8,9,"[""1-3"", ""38-96""]"
9,8,"[""1-3""]"
8,2,"[""1-3"", ""1-44""]"
1,10,"[""1-4""]"
10,24,"[""1-35"", ""1-4""]"
24,10,"[""1-35"", ""1-4""]"
10,0,"[""1-4"", ""44-2""]"
0,11,"[""1-5"", ""179-11"", ""179-18"", ""24-60"", ""44-12"", ""44-39"", ""44-63"", ""82-21"", ""82-44"", ""82-57""]"
11,2,"[""1-5""]"
1,3,"[""1-5"", ""1-7"", ""35-60""]"
0,2,"[""1-22"", ""1-24"", ""1-6"", ""1-66"", ""1-68""]"
4,12,"[""1-9"", ""35-23""]"
12,2,"[""1-46"", ""1-9""]"
0,3,"[""1-12"", ""1-13"", ""1-30"", ""1-38"", ""1-50"", ""1-52"", ""179-21"", ""179-27"", ""35-19"", ""35-34"", ""35-41"", ""35-53"", ""5-14"", ""5-18"", ""5-2"", ""5-27"", ""5-71"", ""5-76"", ""96-12"", ""96-2"", ""96-27"", ""96-31"", ""96-57"", ""96-75""]"
3,2,"[""1-12"", ""1-13"", ""1-52""]"
4,6,"[""1-13"", ""1-26"", ""104-102"", ""104-6"", ""174-34"", ""174-63"", ""24-74"", ""38-32"", ""82-96""]"
6,0,"[""1-13"", ""1-26"", ""1-30"", ""1-67"", ""179-29"", ""24-6"", ""35-13"", ""36-31"", ""38-24"", ""67-42"", ""67-50"", ""67-85"", ""67-96"", ""71-13"", ""71-22"", ""71-31"", ""71-4"", ""71-41"", ""71-42"", ""71-6"", ""71-60"", ""71-62"", ""71-8"", ""73-9"", ""82-96"", ""96-6"", ""96-66""]"
3,163,"[""1-14""]"
163,4,"[""1-14""]"
4,13,"[""1-14""]"
2,10,"[""1-15""]"
10,2,"[""1-15""]"
2,0,"[""1-15"", ""1-17"", ""1-21"", ""1-30"", ""1-47"", ""1-49"", ""1-60""]"
0,14,"[""1-15"", ""12-4"", ""35-52"", ""67-120""]"
14,0,"[""1-15"", ""24-85"", ""67-120""]"
2,12,"[""1-16"", ""1-51"", ""1-53"", ""1-55""]"
12,15,"[""1-16""]"
15,16,"[""1-16""]"
16,19,"[""1-16""]"
19,2,"[""1-16"", ""1-25""]"
0,217,"[""1-18""]"
217,2,"[""1-18""]"
1,12,"[""1-19""]"
12,0,"[""1-19"", ""1-51"", ""1-53"", ""1-55""]"
6,5,"[""1-20""]"
5,0,"[""1-20""]"
0,17,"[""1-20"", ""104-77"", ""52-70""]"
17,12,"[""1-20""]"
6,18,"[""1-23""]"
0,19,"[""1-25"", ""96-105""]"
1,20,"[""1-26""]"
20,4,"[""1-26"", ""104-66"", ""104-85"", ""147-68"", ""174-12"", ""179-10"", ""179-62"", ""38-32"", ""52-49"", ""52-68"", ""71-57"", ""96-85"", ""96-94""]"
1,4,"[""1-27"", ""24-74""]"
4,21,"[""1-27"", ""104-100"", ""104-59"", ""174-6"", ""38-28"", ""38-33"", ""38-35"", ""38-37"", ""38-7"", ""38-74"", ""38-77"", ""44-67"", ""52-57""]"
21,20,"[""1-27"", ""38-55"", ""38-69"", ""38-70""]"
1,0,"[""1-28"", ""1-31"", ""1-37"", ""1-59"", ""1-63"", ""1-69"", ""35-32"", ""35-54""]"
0,163,"[""1-30""]"
0,22,"[""1-32"", ""1-54"", ""35-39""]"
22,2,"[""1-32"", ""1-54""]"
217,0,"[""1-33"", ""1-71""]"
0,123,"[""1-34"", ""35-7""]"
1,23,"[""1-35"", ""1-36"", ""1-39"", ""1-45"", ""1-62"", ""1-65"", ""1-67""]"
23,0,"[""1-35"", ""1-62""]"
0,10,"[""1-35"", ""44-1"", ""44-21"", ""44-42"", ""44-62"", ""44-8""]"
10,1,"[""1-35""]"
23,26,"[""1-36"", ""36-63""]"
26,25,"[""1-36""]"
25,26,"[""1-36""]"
26,8,"[""1-36""]"
8,1,"[""1-36""]"
3,217,"[""1-38""]"
217,19,"[""1-38""]"
19,7,"[""1-38""]"
7,2,"[""1-38"", ""1-43"", ""1-59""]"
2,23,"[""1-42""]"
0,7,"[""1-43"", ""1-59"", ""35-43""]"
0,8,"[""1-44"", ""35-32"", ""5-52"", ""82-17""]"
0,12,"[""1-46"", ""1-61"", ""35-3"", ""35-36""]"
3,1,"[""1-50""]"
0,195,"[""1-55"", ""67-6""]"
195,0,"[""1-55"", ""12-45"", ""67-108"", ""67-115"", ""67-6""]"
0,27,"[""1-62""]"
27,0,"[""1-62""]"
0,20,"[""1-62"", ""104-1"", ""174-12"", ""174-62"", ""179-10"", ""179-62"", ""19-45"", ""78-2"", ""96-94""]"
20,1,"[""1-62"", ""1-69""]"
0,18,"[""1-64"", ""1-67"", ""174-13"", ""174-2"", ""174-43"", ""174-51"", ""35-9"", ""36-31"", ""44-69"", ""71-28"", ""71-32"", ""74-78"", ""96-6""]"
18,1,"[""1-64""]"
23,28,"[""1-67""]"
28,163,"[""1-67""]"
18,6,"[""1-67"", ""174-51"", ""36-31"", ""96-6""]"
0,29,"[""1-69""]"
29,30,"[""1-69""]"
30,20,"[""1-69""]"
2,19,"[""1-70""]"
19,0,"[""1-70""]"
2,217,"[""1-71""]"
0,31,"[""5-1""]"
31,32,"[""5-1""]"
32,0,"[""5-1"", ""5-29""]"
3,33,"[""5-14"", ""5-2"", ""5-27""]"
33,3,"[""5-27"", ""5-3"", ""5-6"", ""5-71""]"
0,34,"[""179-25"", ""179-32"", ""179-45"", ""179-67"", ""179-71"", ""38-31"", ""5-6"", ""96-1"", ""96-100"", ""96-106"", ""96-107"", ""96-108"", ""96-111"", ""96-12"", ""96-18"", ""96-20"", ""96-35"", ""96-49"", ""96-52"", ""96-53"", ""96-55"", ""96-59"", ""96-63"", ""96-64"", ""96-70"", ""96-82"", ""96-89"", ""96-90"", ""96-91"", ""96-93""]"
34,0,"[""179-11"", ""179-25"", ""179-28"", ""179-32"", ""179-49"", ""179-61"", ""5-6"", ""5-71"", ""5-72"", ""5-81"", ""96-1"", ""96-109"", ""96-112"", ""96-12"", ""96-21"", ""96-26"", ""96-32"", ""96-40"", ""96-42"", ""96-44"", ""96-48"", ""96-49"", ""96-54"", ""96-60"", ""96-69"", ""96-78"", ""96-92""]"
33,0,"[""179-36"", ""44-49"", ""44-60"", ""5-11"", ""5-14"", ""5-17"", ""5-18"", ""5-22"", ""5-27"", ""5-34"", ""5-38"", ""5-40"", ""5-42"", ""5-43"", ""5-45"", ""5-47"", ""5-50"", ""5-52"", ""5-53"", ""5-62"", ""5-66"", ""5-7"", ""5-84"", ""96-14"", ""96-3"", ""96-98""]"
0,33,"[""35-52"", ""44-48"", ""5-11"", ""5-18"", ""5-22"", ""5-23"", ""5-27"", ""5-38"", ""5-44"", ""5-46"", ""5-52"", ""5-53"", ""5-62"", ""5-63"", ""5-66"", ""5-71"", ""5-75"", ""5-79"", ""96-109"", ""96-49"", ""96-78"", ""96-80""]"
0,35,"[""12-19"", ""5-13"", ""5-66"", ""67-43""]"
35,0,"[""5-13"", ""67-43""]"
33,8,"[""5-14""]"
8,20,"[""5-14"", ""82-17""]"
20,6,"[""104-62"", ""5-14"", ""52-22""]"
6,36,"[""5-14""]"
36,30,"[""5-14""]"
30,17,"[""5-14""]"
17,34,"[""5-14""]"
34,33,"[""44-49"", ""5-14"", ""5-63"", ""5-66"", ""96-49""]"
33,246,"[""5-14""]"
246,0,"[""5-14""]"
33,37,"[""5-18"", ""5-26"", ""5-62""]"
37,33,"[""5-18"", ""5-26"", ""5-62""]"
0,38,"[""44-52"", ""5-22"", ""5-29"", ""5-37"", ""5-53""]"
38,0,"[""168-22"", ""5-22"", ""5-23"", ""5-29"", ""5-37""]"
33,38,"[""5-23""]"
33,39,"[""5-26""]"
0,32,"[""5-29""]"
33,4,"[""5-33""]"
4,26,"[""147-74"", ""5-33""]"
26,20,"[""5-33""]"
20,33,"[""5-33""]"
0,40,"[""147-49"", ""35-13"", ""35-25"", ""35-33"", ""35-40"", ""35-48"", ""35-58"", ""35-67"", ""35-74"", ""36-21"", ""5-47"", ""67-2""]"
40,32,"[""5-47""]"
32,31,"[""5-47""]"
31,0,"[""5-47""]"
0,41,"[""134-8"", ""44-12"", ""5-50"", ""52-9"", ""73-9""]"
41,4,"[""104-100"", ""36-48"", ""38-102"", ""38-38"", ""5-50"", ""52-46"", ""52-9"", ""52-92""]"
4,0,"[""104-52"", ""147-67"", ""147-82"", ""147-83"", ""174-62"", ""179-71"", ""35-24"", ""35-43"", ""35-71"", ""36-14"", ""36-48"", ""44-20"", ""44-72"", ""5-50"", ""52-6"", ""52-63"", ""52-68"", ""91-19"", ""96-106""]"
8,6,"[""5-52""]"
6,8,"[""174-50"", ""38-96"", ""5-52""]"
8,0,"[""179-63"", ""5-52"", ""96-95""]"
38,32,"[""5-53""]"
32,40,"[""5-53""]"
40,0,"[""147-15"", ""179-70"", ""24-6"", ""35-43"", ""35-60"", ""35-65"", ""5-53"", ""96-103""]"
3,34,"[""5-56"", ""5-81""]"
33,152,"[""5-58""]"
152,4,"[""5-58""]"
33,34,"[""179-61"", ""5-63"", ""5-66"", ""96-109"", ""96-49"", ""96-92""]"
0,207,"[""5-67""]"
0,43,"[""12-1"", ""12-19"", ""12-22"", ""12-25"", ""12-26"", ""12-27"", ""12-30"", ""12-31"", ""12-32"", ""12-39"", ""12-40"", ""12-42"", ""12-43"", ""12-46"", ""12-48"", ""12-49"", ""12-51"", ""12-52"", ""12-57"", ""12-62"", ""12-63"", ""12-64"", ""12-69"", ""12-72"", ""12-73"", ""12-74"", ""12-77"", ""12-9""]"
43,4,"[""12-1""]"
14,60,"[""12-4""]"
3,44,"[""12-8""]"
44,0,"[""12-15"", ""12-24"", ""12-27"", ""12-8"", ""44-42""]"
43,44,"[""12-15"", ""12-27"", ""12-9""]"
43,45,"[""12-19""]"
45,0,"[""12-19"", ""24-48""]"
35,46,"[""12-19""]"
43,17,"[""12-22""]"
17,25,"[""12-22""]"
25,47,"[""12-22""]"
43,48,"[""12-26""]"
43,20,"[""12-32""]"
20,0,"[""104-77"", ""104-84"", ""12-32"", ""179-16"", ""179-62"", ""19-45"", ""78-2"", ""82-17"", ""96-94""]"
123,43,"[""12-34""]"
0,50,"[""12-35"", ""35-51"", ""36-41"", ""91-12""]"
50,43,"[""12-35""]"
0,51,"[""12-38""]"
51,0,"[""12-38""]"
43,0,"[""12-40"", ""12-42"", ""12-43"", ""12-56"", ""12-70"", ""12-71"", ""96-89""]"
43,16,"[""12-48""]"
16,0,"[""12-48"", ""12-50""]"
43,3,"[""12-51""]"
47,43,"[""12-56""]"
43,6,"[""12-59""]"
53,54,"[""19-2""]"
54,55,"[""19-2""]"
55,56,"[""19-2""]"
59,52,"[""19-15"", ""19-37""]"
57,60,"[""19-38"", ""19-50""]"
58,55,"[""19-40""]"
56,57,"[""19-50""]"
58,52,"[""19-59""]"
55,52,"[""19-61""]"
52,56,"[""19-61""]"
0,30,"[""147-16"", ""147-33"", ""147-37"", ""147-9"", ""24-1"", ""24-4"", ""24-6"", ""36-14"", ""36-15"", ""36-18"", ""36-23"", ""36-24"", ""36-25"", ""36-31"", ""36-35"", ""36-36"", ""36-39"", ""36-41"", ""36-44"", ""36-46"", ""36-49"", ""36-53"", ""36-54"", ""36-56"", ""36-57"", ""36-60"", ""36-63"", ""36-65"", ""44-20"", ""52-18"", ""96-103""]"
30,0,"[""147-19"", ""24-1"", ""24-6"", ""36-14"", ""36-15"", ""36-24"", ""36-25"", ""36-31"", ""36-35"", ""36-36"", ""36-39"", ""36-41"", ""36-44"", ""36-46"", ""36-49"", ""36-54"", ""36-57"", ""36-58"", ""36-60"", ""36-61"", ""36-63"", ""36-65"", ""44-20""]"
0,134,"[""24-1"", ""36-8"", ""44-21"", ""71-58""]"
134,30,"[""24-1""]"
0,61,"[""24-4"", ""36-28"", ""36-32"", ""36-64""]"
61,0,"[""24-4"", ""36-32"", ""36-46"", ""36-64""]"
30,62,"[""24-6""]"
62,63,"[""24-6""]"
63,6,"[""24-6""]"
97,64,"[""24-50"", ""24-9""]"
65,66,"[""24-10""]"
66,64,"[""24-10"", ""24-16""]"
64,67,"[""24-11"", ""24-90""]"
67,64,"[""24-11"", ""24-57"", ""24-90""]"
64,4,"[""24-12"", ""24-19"", ""24-53""]"
4,64,"[""24-12""]"
64,94,"[""24-13"", ""24-85""]"
94,64,"[""24-13"", ""24-85""]"
64,68,"[""24-14"", ""24-17"", ""24-18"", ""24-41"", ""24-43"", ""24-64"", ""24-67"", ""24-81""]"
68,69,"[""24-15""]"
69,70,"[""24-15""]"
70,71,"[""24-15""]"
71,64,"[""24-15""]"
11,51,"[""24-16""]"
51,66,"[""24-16""]"
68,72,"[""24-17""]"
72,68,"[""24-17""]"
68,73,"[""24-17""]"
68,74,"[""24-18""]"
74,64,"[""24-18"", ""24-93""]"
4,75,"[""24-19""]"
75,76,"[""24-19""]"
76,64,"[""24-19""]"
64,11,"[""24-19"", ""24-60""]"
64,127,"[""24-20""]"
127,77,"[""24-20""]"
77,78,"[""24-20""]"
78,6,"[""24-20"", ""38-30""]"
6,64,"[""24-20""]"
64,79,"[""24-21"", ""24-51"", ""24-56""]"
79,80,"[""24-21""]"
80,81,"[""24-22""]"
81,80,"[""24-24""]"
80,82,"[""24-25""]"
80,79,"[""24-27"", ""24-29"", ""24-40"", ""24-57"", ""24-63""]"
79,82,"[""24-27"", ""24-29""]"
82,80,"[""24-27""]"
80,83,"[""24-28""]"
83,77,"[""24-28""]"
77,64,"[""24-28""]"
64,82,"[""24-28"", ""24-39""]"
64,71,"[""24-31"", ""24-35""]"
71,73,"[""24-31""]"
73,64,"[""24-31"", ""24-67"", ""24-68"", ""24-89""]"
64,84,"[""24-32"", ""24-91""]"
84,4,"[""24-32""]"
4,1,"[""24-32"", ""24-53""]"
1,64,"[""24-32"", ""24-43"", ""24-53"", ""24-74""]"
64,66,"[""24-32""]"
85,4,"[""24-33""]"
20,64,"[""24-34""]"
71,68,"[""24-35""]"
68,64,"[""24-35"", ""24-55"", ""24-72"", ""24-87"", ""24-92""]"
64,65,"[""24-39""]"
65,86,"[""24-39""]"
86,64,"[""24-39""]"
79,87,"[""24-40"", ""24-57"", ""24-62""]"
68,88,"[""24-41""]"
64,89,"[""24-42"", ""24-54""]"
89,64,"[""24-42""]"
68,1,"[""24-43""]"
90,91,"[""24-44""]"
64,20,"[""24-45""]"
20,92,"[""24-45""]"
92,93,"[""24-45""]"
93,20,"[""104-47"", ""104-85"", ""24-45"", ""52-22""]"
20,94,"[""24-45""]"
94,79,"[""24-45""]"
80,64,"[""24-46""]"
64,91,"[""24-46"", ""24-60"", ""24-75""]"
91,64,"[""24-46"", ""24-60"", ""24-75"", ""24-84""]"
64,0,"[""24-47"", ""24-57"", ""24-79""]"
0,45,"[""24-47""]"
64,95,"[""24-49"", ""24-55""]"
95,68,"[""24-49"", ""24-55""]"
68,95,"[""24-49""]"
95,64,"[""24-49""]"
64,96,"[""24-50""]"
96,97,"[""24-50""]"
79,98,"[""24-51""]"
98,81,"[""24-51""]"
81,90,"[""24-52"", ""24-63""]"
90,228,"[""24-52""]"
228,64,"[""24-52""]"
64,85,"[""24-52"", ""24-76""]"
89,66,"[""24-54""]"
87,80,"[""24-57""]"
79,67,"[""24-57""]"
0,99,"[""179-23"", ""179-57"", ""24-58"", ""24-85"", ""38-1"", ""38-106"", ""44-20"", ""44-36"", ""91-36"", ""91-40"", ""96-86""]"
99,64,"[""24-58"", ""24-76"", ""24-85""]"
64,100,"[""24-59""]"
100,64,"[""24-59""]"
11,0,"[""24-60""]"
11,64,"[""24-60""]"
64,86,"[""24-62""]"
86,79,"[""24-62""]"
79,81,"[""24-63""]"
68,101,"[""24-64""]"
101,85,"[""24-64""]"
85,64,"[""24-64"", ""24-70""]"
68,102,"[""24-67""]"
102,0,"[""24-67""]"
0,73,"[""24-67"", ""24-79"", ""24-89""]"
64,21,"[""24-70""]"
21,73,"[""24-70""]"
73,85,"[""24-70""]"
64,12,"[""24-72"", ""24-78""]"
12,45,"[""24-72""]"
45,103,"[""24-72""]"
103,68,"[""24-72"", ""24-92""]"
103,64,"[""24-73""]"
64,1,"[""24-74""]"
6,1,"[""24-74""]"
85,104,"[""24-76""]"
104,105,"[""24-76""]"
105,99,"[""24-76""]"
64,101,"[""24-77"", ""24-87""]"
101,68,"[""24-77"", ""24-87""]"
68,105,"[""24-77""]"
12,4,"[""24-78""]"
48,0,"[""24-80"", ""44-29"", ""44-62"", ""44-72""]"
68,108,"[""24-81"", ""24-99""]"
108,64,"[""24-81""]"
64,106,"[""24-82""]"
106,88,"[""24-82""]"
88,67,"[""24-82""]"
0,68,"[""24-84""]"
68,91,"[""24-84""]"
64,107,"[""24-85""]"
107,14,"[""24-85""]"
64,73,"[""24-86""]"
64,108,"[""24-88""]"
108,46,"[""24-88""]"
46,68,"[""24-88""]"
68,109,"[""24-88""]"
64,105,"[""24-89""]"
105,85,"[""24-89""]"
85,0,"[""24-89""]"
84,64,"[""24-91""]"
64,103,"[""24-92""]"
64,110,"[""24-93""]"
110,74,"[""24-93""]"
0,112,"[""24-95""]"
112,111,"[""24-95"", ""24-96""]"
111,112,"[""24-95"", ""24-96""]"
111,45,"[""24-95""]"
45,64,"[""24-95""]"
45,111,"[""24-96""]"
111,73,"[""24-96""]"
73,4,"[""24-96"", ""52-52""]"
64,113,"[""24-98""]"
113,64,"[""24-98""]"
7,64,"[""24-99""]"
64,90,"[""24-99""]"
90,114,"[""24-99""]"
114,68,"[""24-100"", ""24-99""]"
68,114,"[""24-100"", ""24-99""]"
115,0,"[""35-1"", ""35-10"", ""35-13"", ""35-17"", ""35-18"", ""35-19"", ""35-2"", ""35-21"", ""35-22"", ""35-27"", ""35-28"", ""35-29"", ""35-3"", ""35-30"", ""35-33"", ""35-34"", ""35-35"", ""35-36"", ""35-38"", ""35-4"", ""35-40"", ""35-41"", ""35-42"", ""35-43"", ""35-44"", ""35-45"", ""35-48"", ""35-49"", ""35-5"", ""35-51"", ""35-52"", ""35-55"", ""35-56"", ""35-57"", ""35-58"", ""35-61"", ""35-62"", ""35-63"", ""35-64"", ""35-67"", ""35-68"", ""35-69"", ""35-70"", ""35-71"", ""35-74"", ""35-9"", ""52-42"", ""52-61""]"
116,117,"[""35-2"", ""35-37"", ""35-63""]"
117,115,"[""35-2"", ""35-37"", ""35-63""]"
115,12,"[""35-11"", ""35-2""]"
12,116,"[""35-11"", ""35-2"", ""35-3""]"
116,78,"[""35-2""]"
78,115,"[""35-2""]"
116,115,"[""35-10"", ""35-14"", ""35-27"", ""35-28"", ""35-29"", ""35-3"", ""35-30"", ""35-33"", ""35-40"", ""35-42"", ""35-43"", ""35-44"", ""35-51"", ""35-52"", ""35-57"", ""35-62"", ""35-69"", ""35-70"", ""35-71""]"
115,5,"[""35-3"", ""35-42""]"
5,83,"[""35-3"", ""35-42""]"
83,0,"[""35-12"", ""35-19"", ""35-21"", ""35-22"", ""35-27"", ""35-28"", ""35-29"", ""35-3"", ""35-30"", ""35-33"", ""35-34"", ""35-35"", ""35-36"", ""35-37"", ""35-42"", ""35-44"", ""35-45"", ""35-48"", ""35-49"", ""35-50"", ""35-51"", ""35-52"", ""35-55"", ""35-57"", ""35-58"", ""35-60"", ""35-62"", ""35-63"", ""35-64"", ""35-65"", ""35-67"", ""35-69"", ""35-70"", ""35-71"", ""35-74"", ""67-100"", ""67-43"", ""67-47"", ""67-5"", ""67-53"", ""67-54"", ""67-57"", ""67-61"", ""67-64"", ""67-68"", ""67-73"", ""67-79"", ""67-81"", ""67-82"", ""67-86"", ""67-92"", ""71-18"", ""71-19"", ""71-21"", ""71-27"", ""71-29"", ""71-36"", ""71-37"", ""71-39"", ""71-53"", ""71-57"", ""71-67"", ""71-71"", ""74-11"", ""74-20"", ""74-23"", ""74-26"", ""74-30"", ""74-31"", ""74-33"", ""74-36"", ""74-37"", ""74-39"", ""74-40"", ""74-54"", ""74-56"", ""74-67"", ""74-68"", ""74-7"", ""74-74"", ""74-75"", ""74-83"", ""74-89""]"
0,115,"[""35-13"", ""35-18"", ""35-19"", ""35-20"", ""35-21"", ""35-22"", ""35-26"", ""35-27"", ""35-28"", ""35-29"", ""35-3"", ""35-30"", ""35-34"", ""35-35"", ""35-36"", ""35-37"", ""35-41"", ""35-42"", ""35-43"", ""35-44"", ""35-45"", ""35-46"", ""35-49"", ""35-50"", ""35-51"", ""35-52"", ""35-55"", ""35-56"", ""35-57"", ""35-58"", ""35-61"", ""35-62"", ""35-63"", ""35-64"", ""35-65"", ""35-68"", ""35-69"", ""35-70"", ""35-71""]"
116,12,"[""35-4"", ""35-45""]"
12,115,"[""35-4"", ""35-45""]"
115,83,"[""35-14"", ""35-27"", ""35-29"", ""35-34"", ""35-36"", ""35-4"", ""35-44"", ""35-45"", ""35-49"", ""35-57"", ""35-62"", ""35-64"", ""35-71""]"
83,118,"[""174-53"", ""35-4""]"
118,115,"[""35-4""]"
116,1,"[""35-12"", ""35-32"", ""35-48"", ""35-5"", ""35-54"", ""35-55"", ""35-58"", ""35-60"", ""35-64""]"
1,115,"[""35-12"", ""35-48"", ""35-5"", ""35-55"", ""35-58"", ""35-64"", ""35-71""]"
115,119,"[""35-5""]"
119,115,"[""35-5""]"
116,20,"[""35-22"", ""35-23"", ""35-34"", ""35-36"", ""35-6"", ""35-65""]"
20,120,"[""35-23"", ""35-6""]"
120,123,"[""35-6""]"
123,116,"[""35-6""]"
116,121,"[""35-24"", ""35-6""]"
121,0,"[""35-6""]"
0,117,"[""35-21"", ""35-27"", ""35-45"", ""35-49"", ""35-52"", ""35-59"", ""35-6"", ""35-68"", ""35-69""]"
117,116,"[""35-45"", ""35-52"", ""35-54"", ""35-6""]"
116,122,"[""35-16"", ""35-32"", ""35-39"", ""35-47"", ""35-53"", ""35-7""]"
122,66,"[""35-7""]"
66,1,"[""35-7""]"
1,116,"[""35-13"", ""35-23"", ""35-24"", ""35-32"", ""35-38"", ""35-42"", ""35-7"", ""35-71"", ""35-9""]"
116,0,"[""35-15"", ""35-16"", ""35-47"", ""35-52"", ""35-53"", ""35-54"", ""35-59"", ""35-66"", ""35-7""]"
116,7,"[""35-13"", ""35-31"", ""35-35"", ""35-57"", ""35-8""]"
7,0,"[""35-8""]"
4,83,"[""104-16"", ""104-7"", ""174-25"", ""179-10"", ""35-12"", ""35-55"", ""35-8"", ""52-93"", ""67-5"", ""67-54"", ""71-57""]"
83,18,"[""168-39"", ""35-8"", ""67-40"", ""67-66"", ""74-2"", ""74-58"", ""74-72"", ""74-9""]"
0,124,"[""35-9""]"
124,0,"[""35-9"", ""67-45""]"
18,115,"[""35-9""]"
0,119,"[""35-10""]"
119,83,"[""35-10""]"
115,4,"[""35-12"", ""35-55""]"
0,125,"[""35-12""]"
125,116,"[""35-12""]"
7,115,"[""35-13"", ""35-35"", ""35-57""]"
40,83,"[""147-75"", ""147-80"", ""35-13"", ""35-20"", ""35-28"", ""35-33"", ""35-35"", ""35-37"", ""35-40"", ""35-48"", ""35-50"", ""35-52"", ""35-58"", ""35-67"", ""35-74"", ""74-33""]"
83,6,"[""35-13"", ""67-42"", ""71-22"", ""71-9"", ""74-35""]"
83,119,"[""35-14""]"
119,0,"[""35-14""]"
116,8,"[""35-15"", ""35-67""]"
8,120,"[""35-15""]"
120,126,"[""35-15""]"
126,116,"[""35-15""]"
122,116,"[""35-16"", ""35-39"", ""35-47"", ""35-53""]"
116,127,"[""35-17"", ""35-38"", ""35-46""]"
127,115,"[""35-17"", ""35-38""]"
0,83,"[""147-64"", ""147-70"", ""147-77"", ""35-17"", ""35-43"", ""35-60"", ""35-65"", ""67-101"", ""67-102"", ""67-103"", ""67-41"", ""67-48"", ""67-49"", ""67-5"", ""67-51"", ""67-56"", ""67-60"", ""67-63"", ""67-65"", ""67-70"", ""67-71"", ""67-74"", ""67-78"", ""67-84"", ""67-87"", ""67-88"", ""67-91"", ""67-95"", ""67-97"", ""71-14"", ""71-20"", ""71-23"", ""71-25"", ""71-26"", ""71-3"", ""71-40"", ""71-43"", ""71-45"", ""71-5"", ""71-52"", ""71-66"", ""74-13"", ""74-15"", ""74-17"", ""74-24"", ""74-27"", ""74-32"", ""74-34"", ""74-38"", ""74-41"", ""74-42"", ""74-46"", ""74-48"", ""74-50"", ""74-55"", ""74-57"", ""74-61"", ""74-63"", ""74-66"", ""74-75"", ""74-79"", ""74-8"", ""74-85"", ""74-88""]"
83,21,"[""35-17"", ""38-49"", ""38-55"", ""74-16""]"
21,83,"[""174-45"", ""174-51"", ""35-17"", ""35-19"", ""35-21"", ""38-49""]"
116,128,"[""35-19"", ""35-20"", ""35-21""]"
128,115,"[""35-19"", ""35-20"", ""35-21""]"
115,21,"[""35-19"", ""35-21""]"
3,116,"[""35-19"", ""35-34"", ""35-53""]"
115,40,"[""35-20"", ""35-22"", ""35-28"", ""35-30"", ""35-35"", ""35-37"", ""35-43"", ""35-45"", ""35-50"", ""35-52"", ""35-57"", ""35-63"", ""35-65"", ""35-70"", ""35-71""]"
83,28,"[""35-20"", ""71-49""]"
28,0,"[""35-20"", ""35-25"", ""52-21"", ""71-50"", ""71-63""]"
115,125,"[""35-20""]"
125,5,"[""35-20""]"
5,1,"[""35-20""]"
20,115,"[""35-22"", ""35-34"", ""35-36"", ""35-65""]"
40,18,"[""35-22"", ""35-57"", ""35-70""]"
18,83,"[""35-22"", ""35-57"", ""35-70"", ""67-90"", ""74-36"", ""74-78""]"
0,116,"[""35-22"", ""35-28"", ""35-29"", ""35-34"", ""35-47"", ""35-54"", ""35-57"", ""35-63"", ""35-66"", ""35-70"", ""35-73""]"
120,21,"[""35-23""]"
21,129,"[""35-23"", ""38-42""]"
129,4,"[""35-23""]"
12,130,"[""35-23""]"
130,116,"[""35-23""]"
116,3,"[""35-23""]"
121,122,"[""35-24""]"
122,6,"[""35-24""]"
6,21,"[""104-113"", ""174-21"", ""174-51"", ""174-63"", ""35-24"", ""36-69"", ""38-30"", ""38-31"", ""38-32"", ""52-86"", ""52-90""]"
21,78,"[""104-81"", ""174-25"", ""174-52"", ""174-8"", ""35-24"", ""38-21"", ""38-30"", ""38-36"", ""38-69"", ""44-67"", ""52-87"", ""74-16""]"
78,21,"[""104-81"", ""174-45"", ""35-24"", ""38-17"", ""38-21"", ""38-23"", ""38-36"", ""38-5"", ""38-69"", ""44-67"", ""52-87""]"
21,4,"[""104-112"", ""174-39"", ""174-6"", ""174-62"", ""174-63"", ""35-24"", ""36-48"", ""38-28"", ""38-35"", ""38-36"", ""38-62"", ""52-57""]"
116,123,"[""35-25""]"
123,115,"[""35-25""]"
115,28,"[""35-25"", ""52-61""]"
40,6,"[""35-25"", ""35-30"", ""35-63"", ""35-71""]"
6,83,"[""35-25"", ""35-30"", ""35-63"", ""35-69"", ""35-71"", ""52-36"", ""67-47"", ""74-37"", ""74-68""]"
115,7,"[""35-26""]"
7,116,"[""35-26""]"
7,120,"[""35-31""]"
120,131,"[""35-31""]"
131,21,"[""35-31""]"
21,0,"[""104-81"", ""174-51"", ""35-31"", ""38-31"", ""38-45"", ""44-4"", ""52-104"", ""52-88"", ""52-90""]"
122,1,"[""35-32""]"
8,116,"[""35-32""]"
115,117,"[""35-37""]"
116,46,"[""35-39""]"
46,0,"[""35-39""]"
22,116,"[""35-39""]"
83,4,"[""104-16"", ""147-81"", ""174-25"", ""174-45"", ""174-51"", ""35-43"", ""35-71"", ""52-93"", ""67-5"", ""67-56""]"
40,115,"[""35-45""]"
127,120,"[""35-46""]"
120,0,"[""35-46"", ""35-59""]"
115,116,"[""35-46""]"
116,73,"[""35-49""]"
73,115,"[""35-49""]"
116,4,"[""35-50"", ""35-74""]"
4,115,"[""35-50"", ""35-74""]"
115,124,"[""35-50""]"
124,125,"[""35-50""]"
125,20,"[""35-50""]"
20,116,"[""35-50""]"
50,83,"[""35-51""]"
14,132,"[""35-52""]"
132,0,"[""35-52""]"
33,116,"[""35-52""]"
0,222,"[""35-54""]"
222,117,"[""35-54""]"
83,115,"[""35-57""]"
0,120,"[""35-59""]"
0,13,"[""35-60"", ""52-8"", ""78-67""]"
13,40,"[""35-60""]"
0,46,"[""35-61""]"
46,116,"[""35-61""]"
8,115,"[""35-67""]"
115,6,"[""35-69""]"
115,1,"[""35-71""]"
134,0,"[""36-28"", ""36-44"", ""36-7"", ""44-21"", ""71-58""]"
135,136,"[""36-9""]"
0,137,"[""36-19""]"
137,27,"[""36-19""]"
27,148,"[""36-19""]"
148,0,"[""36-19""]"
40,30,"[""36-21""]"
30,27,"[""36-21""]"
27,137,"[""36-21""]"
137,0,"[""36-21""]"
223,0,"[""36-28"", ""71-58""]"
61,134,"[""36-28""]"
30,69,"[""36-39"", ""36-44""]"
50,4,"[""36-41"", ""52-57""]"
4,138,"[""36-41"", ""38-36""]"
138,20,"[""36-41"", ""38-36"", ""52-1"", ""52-22""]"
20,139,"[""36-41""]"
139,30,"[""36-41""]"
69,30,"[""36-44""]"
30,61,"[""36-46""]"
30,140,"[""36-47""]"
140,0,"[""36-47""]"
30,21,"[""36-48""]"
4,41,"[""104-100"", ""104-11"", ""104-28"", ""104-34"", ""104-56"", ""104-57"", ""104-73"", ""104-83"", ""104-91"", ""104-93"", ""36-48"", ""52-97""]"
30,141,"[""36-49""]"
141,25,"[""36-49"", ""52-60"", ""52-61"", ""52-70""]"
25,30,"[""147-14"", ""147-19"", ""147-35"", ""147-46"", ""147-56"", ""147-57"", ""147-60"", ""147-66"", ""147-79"", ""147-8"", ""36-49"", ""52-18"", ""52-29"", ""52-30"", ""52-40"", ""52-54"", ""52-56"", ""78-53""]"
9,0,"[""36-52""]"
0,47,"[""36-60"", ""44-4""]"
47,0,"[""36-60"", ""44-12""]"
26,30,"[""36-63""]"
143,147,"[""36-68"", ""36-70"", ""36-71""]"
147,53,"[""36-68"", ""36-72""]"
53,144,"[""36-68""]"
144,143,"[""36-68""]"
143,145,"[""36-68""]"
145,146,"[""36-68"", ""36-71"", ""36-72""]"
145,6,"[""36-69""]"
21,144,"[""36-69"", ""38-104"", ""38-97"", ""44-68""]"
144,188,"[""36-69""]"
188,149,"[""36-69""]"
149,146,"[""36-69""]"
146,143,"[""36-70"", ""36-71""]"
147,143,"[""36-70""]"
143,188,"[""36-70""]"
147,148,"[""36-71""]"
148,144,"[""36-71""]"
144,149,"[""36-71""]"
149,145,"[""36-71"", ""36-72""]"
146,149,"[""36-72""]"
149,147,"[""36-72""]"
53,149,"[""36-72""]"
146,145,"[""36-72""]"
145,149,"[""36-72""]"
99,10,"[""38-1"", ""44-20""]"
150,164,"[""38-2"", ""44-64""]"
164,0,"[""179-17"", ""179-27"", ""179-32"", ""179-4"", ""179-40"", ""179-42"", ""179-54"", ""179-67"", ""38-2"", ""44-64"", ""82-63"", ""82-70"", ""82-89"", ""91-37"", ""91-39"", ""91-63"", ""91-71"", ""91-73"", ""96-100"", ""96-103"", ""96-49"", ""96-59""]"
21,151,"[""38-27"", ""38-31"", ""38-38"", ""38-5"", ""38-58"", ""38-88"", ""38-94""]"
151,78,"[""38-5""]"
21,41,"[""104-100"", ""38-19"", ""38-38"", ""38-7""]"
41,152,"[""38-7""]"
152,21,"[""38-7""]"
21,6,"[""174-11"", ""174-32"", ""174-50"", ""38-16"", ""38-24"", ""38-28"", ""38-30"", ""38-32"", ""38-33"", ""38-37"", ""38-7"", ""38-77"", ""38-85"", ""44-67"", ""44-69""]"
6,4,"[""104-102"", ""104-14"", ""104-19"", ""104-28"", ""104-57"", ""104-6"", ""104-7"", ""174-34"", ""174-63"", ""179-71"", ""38-30"", ""38-32"", ""38-33"", ""38-37"", ""38-7"", ""38-77"", ""44-20"", ""52-18"", ""52-29"", ""67-58"", ""96-106""]"
21,153,"[""174-65"", ""38-7""]"
153,21,"[""174-24"", ""174-65"", ""38-7""]"
21,154,"[""38-14"", ""38-8""]"
154,76,"[""38-13"", ""38-14"", ""38-8""]"
76,36,"[""38-8""]"
36,21,"[""104-114"", ""104-81"", ""38-8""]"
21,36,"[""38-10""]"
36,154,"[""38-10""]"
155,21,"[""38-11"", ""38-23"", ""52-79""]"
76,154,"[""38-13""]"
154,21,"[""38-13""]"
6,186,"[""38-16"", ""38-85""]"
186,21,"[""174-5"", ""38-16"", ""38-85"", ""52-84"", ""52-87""]"
21,245,"[""174-55"", ""174-60"", ""38-16""]"
245,162,"[""38-16""]"
162,21,"[""38-16"", ""38-30"", ""44-4""]"
21,18,"[""174-42"", ""38-18"", ""52-80"", ""52-81""]"
18,0,"[""134-34"", ""134-43"", ""174-42"", ""179-51"", ""38-18"", ""67-98"", ""71-10"", ""74-72""]"
41,138,"[""38-19""]"
151,21,"[""38-23"", ""38-31"", ""38-38"", ""38-58"", ""38-88""]"
21,155,"[""38-23""]"
21,60,"[""38-23"", ""38-78""]"
60,78,"[""38-23""]"
0,21,"[""134-69"", ""174-11"", ""174-30"", ""38-24"", ""38-45"", ""52-78"", ""52-82"", ""96-88""]"
21,162,"[""38-30""]"
4,126,"[""38-30""]"
126,15,"[""38-30""]"
15,126,"[""38-30""]"
126,6,"[""38-30""]"
34,22,"[""38-31""]"
22,6,"[""38-31""]"
4,20,"[""104-84"", ""179-62"", ""38-32"", ""52-1"", ""52-29"", ""52-49"", ""52-9"", ""96-94""]"
20,21,"[""174-62"", ""38-36""]"
4,156,"[""38-38"", ""52-57""]"
156,20,"[""38-38""]"
20,138,"[""38-38"", ""52-1"", ""52-52""]"
138,41,"[""38-38""]"
41,21,"[""38-38""]"
129,21,"[""174-11"", ""38-42"", ""44-68""]"
20,22,"[""38-55""]"
22,49,"[""38-55""]"
49,83,"[""38-55""]"
20,157,"[""38-69""]"
157,138,"[""38-69""]"
138,21,"[""38-69""]"
158,4,"[""38-74""]"
21,159,"[""174-28"", ""174-54"", ""174-55"", ""174-58"", ""38-91""]"
159,21,"[""174-51"", ""174-54"", ""174-55"", ""38-91""]"
9,160,"[""38-104"", ""38-108"", ""38-110"", ""38-96""]"
160,9,"[""38-97"", ""38-99""]"
9,21,"[""38-104"", ""38-110"", ""38-97""]"
144,21,"[""38-104"", ""38-105"", ""38-97""]"
21,9,"[""38-104"", ""38-110"", ""38-97""]"
9,32,"[""38-101""]"
32,160,"[""38-101""]"
160,41,"[""38-102""]"
4,25,"[""147-69"", ""147-72"", ""147-76"", ""38-102"", ""52-22"", ""52-32"", ""52-34"", ""52-41"", ""52-47"", ""52-56""]"
25,144,"[""38-102""]"
144,148,"[""38-102""]"
148,21,"[""38-102""]"
4,63,"[""38-107""]"
161,9,"[""38-109""]"
150,10,"[""44-16"", ""44-2"", ""44-20""]"
148,162,"[""44-4""]"
47,163,"[""44-4""]"
0,150,"[""44-15"", ""44-29"", ""44-30"", ""44-6"", ""44-64""]"
167,99,"[""44-7""]"
99,0,"[""179-22"", ""44-38"", ""44-40"", ""44-7"", ""78-95"", ""82-92"", ""82-94""]"
0,164,"[""179-32"", ""179-36"", ""179-43"", ""179-46"", ""179-51"", ""179-60"", ""179-61"", ""179-63"", ""179-67"", ""179-70"", ""44-10"", ""44-61"", ""67-30"", ""82-47"", ""91-15"", ""91-29"", ""91-31"", ""91-38"", ""91-45"", ""91-47"", ""91-49"", ""91-57"", ""91-59"", ""91-64"", ""91-72"", ""91-80"", ""96-100"", ""96-103"", ""96-13"", ""96-3"", ""96-92"", ""96-95""]"
168,25,"[""44-12""]"
25,0,"[""147-10"", ""147-12"", ""147-17"", ""147-2"", ""147-21"", ""147-25"", ""147-26"", ""147-28"", ""147-31"", ""147-42"", ""147-5"", ""147-50"", ""147-52"", ""147-64"", ""147-70"", ""147-77"", ""44-12"", ""52-17"", ""52-23"", ""52-25"", ""52-26"", ""52-33"", ""52-38"", ""52-39"", ""52-44"", ""52-47"", ""52-51"", ""52-58"", ""52-70"", ""73-20""]"
41,47,"[""44-12""]"
11,10,"[""44-12""]"
10,150,"[""44-12"", ""44-19"", ""44-20"", ""44-21"", ""44-24"", ""44-62""]"
150,0,"[""44-15"", ""44-21"", ""44-22"", ""44-62""]"
10,107,"[""44-16"", ""82-42""]"
107,0,"[""44-16""]"
41,0,"[""104-101"", ""44-19""]"
0,165,"[""44-19""]"
165,10,"[""44-19""]"
10,166,"[""44-20""]"
166,6,"[""44-20""]"
201,0,"[""44-24""]"
0,166,"[""134-1"", ""44-24"", ""44-41"", ""73-42""]"
166,10,"[""44-24""]"
168,0,"[""44-25"", ""44-51""]"
166,0,"[""44-26"", ""44-41"", ""82-41""]"
0,48,"[""104-22"", ""44-29"", ""44-62"", ""44-72""]"
0,167,"[""44-32"", ""44-50"", ""78-20""]"
167,150,"[""44-32"", ""44-50""]"
0,94,"[""44-38""]"
94,150,"[""44-38""]"
11,167,"[""44-39""]"
150,99,"[""44-40""]"
209,0,"[""44-44"", ""91-19"", ""91-27"", ""91-3"", ""91-52""]"
201,107,"[""44-55""]"
164,150,"[""44-61""]"
11,201,"[""44-63""]"
201,150,"[""44-63""]"
182,25,"[""44-67""]"
25,4,"[""44-67"", ""52-19"", ""52-31"", ""52-34"", ""52-49"", ""52-56"", ""52-6"", ""52-63""]"
18,129,"[""44-68""]"
144,18,"[""44-68""]"
18,77,"[""44-68""]"
77,169,"[""44-68""]"
63,77,"[""44-69""]"
77,0,"[""134-4"", ""44-69""]"
18,21,"[""174-13"", ""174-2"", ""44-69""]"
170,97,"[""44-70""]"
97,20,"[""44-70""]"
20,8,"[""44-70""]"
8,169,"[""44-70""]"
0,171,"[""44-72"", ""67-61"", ""67-67"", ""67-83""]"
20,49,"[""52-1""]"
49,173,"[""52-1""]"
173,25,"[""52-1"", ""52-18"", ""52-30"", ""52-37"", ""52-41"", ""52-57""]"
30,172,"[""52-3""]"
20,25,"[""52-29"", ""52-9""]"
28,4,"[""52-13"", ""52-20"", ""52-32"", ""52-33""]"
0,25,"[""147-1"", ""147-11"", ""147-20"", ""147-24"", ""147-30"", ""147-43"", ""147-51"", ""147-82"", ""147-83"", ""52-14"", ""52-21"", ""52-24"", ""52-39"", ""52-42"", ""52-50"", ""52-51"", ""52-54"", ""52-58"", ""52-64"", ""52-73"", ""78-53""]"
25,6,"[""147-71"", ""147-73"", ""147-84"", ""52-14"", ""52-36""]"
6,30,"[""52-14"", ""52-25""]"
30,173,"[""52-18"", ""52-30""]"
30,6,"[""147-66"", ""147-79"", ""52-18"", ""52-29"", ""52-56""]"
4,69,"[""52-18"", ""52-29"", ""52-37"", ""52-43"", ""52-57""]"
69,25,"[""147-65"", ""52-18"", ""52-37"", ""52-43"", ""52-57""]"
4,92,"[""104-6"", ""52-19""]"
92,41,"[""52-19""]"
41,51,"[""52-19""]"
51,25,"[""52-19""]"
0,28,"[""52-20"", ""52-26"", ""52-38"", ""52-39"", ""71-2"", ""71-63"", ""71-73""]"
4,174,"[""52-20"", ""52-32""]"
174,28,"[""52-21""]"
61,138,"[""52-22""]"
20,93,"[""52-22""]"
6,118,"[""134-15"", ""52-22""]"
118,119,"[""52-22""]"
119,4,"[""52-22""]"
0,157,"[""52-23""]"
157,93,"[""52-23""]"
93,92,"[""104-20"", ""52-23""]"
92,175,"[""104-20"", ""104-6"", ""104-71"", ""104-74"", ""52-23""]"
175,180,"[""104-55"", ""104-77"", ""52-23""]"
180,41,"[""52-23"", ""52-92""]"
41,25,"[""104-101"", ""52-23"", ""52-92""]"
0,174,"[""52-24"", ""52-33""]"
174,0,"[""52-24"", ""52-39"", ""52-50""]"
6,171,"[""52-25""]"
171,6,"[""52-25""]"
30,25,"[""147-16"", ""147-33"", ""52-25"", ""52-40"", ""52-54"", ""52-55""]"
28,174,"[""52-26"", ""52-38"", ""52-39"", ""52-43""]"
0,139,"[""52-28""]"
139,25,"[""52-28"", ""52-52""]"
69,6,"[""52-29""]"
4,175,"[""104-102"", ""104-115"", ""104-12"", ""104-14"", ""104-34"", ""104-58"", ""104-87"", ""52-31"", ""52-47"", ""52-92""]"
175,41,"[""104-1"", ""104-101"", ""104-103"", ""104-110"", ""104-111"", ""104-12"", ""104-17"", ""104-7"", ""104-97"", ""52-31"", ""52-92""]"
41,49,"[""52-31""]"
49,25,"[""52-31""]"
25,28,"[""52-32"", ""52-42""]"
174,4,"[""52-32"", ""52-43""]"
174,25,"[""52-32"", ""52-38""]"
174,61,"[""52-33""]"
61,25,"[""52-33"", ""52-49""]"
25,49,"[""104-101"", ""52-33""]"
49,28,"[""52-33""]"
50,25,"[""52-34""]"
158,25,"[""52-35"", ""52-44"", ""52-53""]"
83,25,"[""147-58"", ""52-36""]"
25,118,"[""52-37""]"
118,4,"[""174-8"", ""52-37""]"
25,173,"[""52-37"", ""52-41""]"
25,176,"[""52-39""]"
176,177,"[""52-39"", ""52-44"", ""52-58""]"
177,176,"[""52-39""]"
28,115,"[""52-42"", ""52-61""]"
178,28,"[""52-43""]"
177,158,"[""52-44""]"
0,179,"[""52-44"", ""52-56""]"
175,4,"[""104-102"", ""104-109"", ""104-112"", ""104-16"", ""104-19"", ""104-29"", ""104-34"", ""104-49"", ""104-60"", ""104-70"", ""104-73"", ""104-83"", ""104-91"", ""52-47""]"
4,93,"[""104-112"", ""104-15"", ""104-6"", ""52-49""]"
93,180,"[""104-99"", ""52-49""]"
180,4,"[""52-49"", ""52-68""]"
4,61,"[""52-49""]"
25,20,"[""147-68"", ""52-52""]"
138,4,"[""104-6"", ""52-52"", ""52-97""]"
4,139,"[""52-52""]"
25,73,"[""52-52""]"
4,179,"[""52-52""]"
25,158,"[""52-53""]"
6,17,"[""52-56""]"
17,179,"[""52-56""]"
179,49,"[""52-56""]"
49,0,"[""104-37"", ""52-56""]"
179,25,"[""52-56""]"
25,60,"[""52-57""]"
60,158,"[""52-57"", ""52-91""]"
158,179,"[""52-57""]"
179,173,"[""52-57""]"
25,50,"[""52-57""]"
156,4,"[""52-57""]"
177,172,"[""52-58""]"
172,181,"[""52-58""]"
181,25,"[""52-58"", ""52-93""]"
25,179,"[""52-58""]"
25,141,"[""52-59"", ""52-73""]"
141,181,"[""52-59""]"
25,181,"[""52-60""]"
182,181,"[""52-61"", ""52-62"", ""52-65"", ""52-69"", ""52-71"", ""52-94""]"
181,174,"[""52-61""]"
174,158,"[""52-61""]"
158,181,"[""52-61"", ""52-91""]"
181,141,"[""52-61"", ""52-67"", ""52-71""]"
25,115,"[""52-61""]"
0,181,"[""52-61"", ""52-63"", ""52-66"", ""52-67"", ""52-68""]"
141,4,"[""52-62"", ""52-72""]"
4,46,"[""104-86"", ""52-62""]"
46,182,"[""52-62""]"
141,183,"[""52-64"", ""52-69"", ""52-71""]"
183,200,"[""52-64""]"
200,0,"[""52-64""]"
183,177,"[""52-65""]"
177,0,"[""52-65""]"
0,182,"[""52-65""]"
141,231,"[""52-67""]"
231,0,"[""52-67""]"
4,180,"[""104-101"", ""52-68"", ""52-92""]"
181,182,"[""52-68""]"
183,182,"[""52-69""]"
141,0,"[""52-71""]"
4,182,"[""52-71""]"
183,181,"[""52-71""]"
4,17,"[""52-72""]"
17,181,"[""52-72""]"
181,0,"[""52-73""]"
18,184,"[""52-80"", ""52-81""]"
232,186,"[""52-84""]"
21,185,"[""52-87""]"
185,186,"[""52-87""]"
0,184,"[""52-88""]"
49,4,"[""104-101"", ""104-37"", ""52-92""]"
4,178,"[""52-93""]"
178,181,"[""52-93""]"
25,178,"[""52-94""]"
178,182,"[""52-94""]"
141,172,"[""52-95""]"
172,177,"[""52-95""]"
30,181,"[""52-96""]"
0,138,"[""52-97""]"
41,118,"[""52-97""]"
118,20,"[""52-97""]"
21,188,"[""52-103""]"
188,21,"[""52-103""]"
191,0,"[""134-25"", ""67-16""]"
0,193,"[""67-32"", ""82-19"", ""82-59"", ""82-81"", ""82-83""]"
0,194,"[""67-38""]"
125,6,"[""104-19"", ""67-58""]"
171,4,"[""67-61""]"
0,205,"[""67-93"", ""82-41"", ""82-46"", ""82-50"", ""82-62"", ""82-69"", ""82-73"", ""82-96""]"
205,0,"[""67-93"", ""82-45"", ""82-46"", ""82-61""]"
6,28,"[""71-9""]"
28,83,"[""71-73"", ""71-9""]"
171,18,"[""71-10""]"
0,60,"[""71-15""]"
118,0,"[""71-44""]"
124,28,"[""71-46""]"
4,196,"[""71-57""]"
196,92,"[""71-57""]"
92,196,"[""71-57""]"
92,20,"[""104-66"", ""71-57""]"
83,197,"[""71-58""]"
197,0,"[""71-58"", ""71-62""]"
0,132,"[""71-58""]"
132,223,"[""71-58""]"
0,197,"[""71-62""]"
41,6,"[""104-100"", ""104-57"", ""104-7"", ""73-9""]"
0,198,"[""73-13""]"
198,199,"[""73-13"", ""73-20""]"
199,198,"[""73-14"", ""73-20""]"
198,190,"[""73-14""]"
190,198,"[""73-20""]"
198,25,"[""73-20""]"
18,35,"[""74-2""]"
151,6,"[""74-14""]"
78,0,"[""134-44"", ""74-16"", ""74-28"", ""74-90"", ""74-91""]"
167,0,"[""78-20"", ""91-17"", ""91-35""]"
0,200,"[""78-25""]"
0,159,"[""78-43""]"
159,0,"[""78-44""]"
13,0,"[""78-67"", ""82-10""]"
0,201,"[""78-95""]"
201,167,"[""78-95""]"
167,10,"[""78-95""]"
10,99,"[""78-95""]"
0,152,"[""82-18""]"
152,0,"[""134-58"", ""82-18""]"
202,203,"[""82-37""]"
0,204,"[""82-39""]"
204,205,"[""82-39""]"
205,10,"[""82-42"", ""82-51"", ""82-85""]"
11,205,"[""82-44""]"
205,193,"[""82-46""]"
193,205,"[""82-46"", ""82-47"", ""82-59"", ""82-83""]"
164,193,"[""82-47""]"
0,206,"[""82-52"", ""82-66""]"
206,205,"[""82-52"", ""82-57"", ""82-66"", ""82-76"", ""82-95""]"
0,107,"[""179-6"", ""82-55"", ""91-25""]"
107,205,"[""82-55""]"
205,39,"[""82-56"", ""82-74""]"
11,206,"[""82-57""]"
205,207,"[""82-57""]"
205,11,"[""82-60""]"
205,164,"[""82-63"", ""82-70""]"
54,205,"[""82-72""]"
241,200,"[""82-79""]"
200,208,"[""82-79""]"
208,205,"[""82-79""]"
0,39,"[""82-88""]"
0,62,"[""82-90"", ""82-95""]"
62,193,"[""82-90""]"
62,206,"[""82-95""]"
205,165,"[""82-96""]"
165,0,"[""168-1"", ""179-58"", ""82-96"", ""96-87""]"
209,164,"[""91-37"", ""91-39"", ""91-44"", ""91-46"", ""91-48"", ""91-5"", ""91-63"", ""91-65"", ""91-71"", ""91-73"", ""91-74"", ""91-85"", ""91-87""]"
164,209,"[""91-10"", ""91-15"", ""91-47"", ""91-6"", ""91-62"", ""91-72"", ""91-8"", ""91-80"", ""91-82"", ""91-88"", ""91-89"", ""91-95"", ""91-98""]"
0,209,"[""91-16"", ""91-18"", ""91-23"", ""91-34"", ""91-55"", ""91-84"", ""91-86"", ""91-93""]"
209,167,"[""91-17"", ""91-28"", ""91-35"", ""91-58""]"
107,164,"[""179-6"", ""91-25""]"
164,211,"[""91-31""]"
0,212,"[""91-33""]"
99,209,"[""91-36"", ""91-40""]"
164,107,"[""91-48""]"
209,213,"[""91-50"", ""91-69"", ""91-79""]"
211,213,"[""91-66""]"
209,211,"[""91-67"", ""91-81""]"
211,0,"[""91-67""]"
213,0,"[""91-69""]"
211,164,"[""91-77""]"
164,214,"[""179-11"", ""179-18"", ""179-32"", ""179-34"", ""179-36"", ""179-41"", ""179-44"", ""179-51"", ""179-6"", ""179-61"", ""179-65"", ""179-70"", ""96-103"", ""96-13"", ""96-92"", ""96-97""]"
214,215,"[""179-30"", ""179-61"", ""96-13"", ""96-68"", ""96-92""]"
215,0,"[""179-61"", ""96-13"", ""96-92""]"
22,0,"[""96-34""]"
214,216,"[""179-30"", ""96-49""]"
216,215,"[""96-49""]"
215,164,"[""96-49"", ""96-80""]"
3,19,"[""96-57""]"
19,217,"[""96-57""]"
217,34,"[""96-57""]"
0,214,"[""179-1"", ""179-19"", ""179-27"", ""179-39"", ""179-8"", ""96-59"", ""96-84""]"
214,210,"[""179-14"", ""96-59""]"
210,214,"[""179-14"", ""179-31"", ""96-59""]"
214,164,"[""179-17"", ""179-27"", ""179-32"", ""179-4"", ""179-40"", ""179-42"", ""179-54"", ""179-64"", ""96-59"", ""96-96""]"
215,126,"[""96-68""]"
126,34,"[""179-5"", ""96-68""]"
0,218,"[""179-33"", ""96-69""]"
218,140,"[""96-69""]"
140,25,"[""96-69""]"
164,207,"[""96-80""]"
207,0,"[""96-80""]"
214,0,"[""179-10"", ""179-19"", ""179-21"", ""179-30"", ""179-33"", ""179-45"", ""179-50"", ""96-84""]"
34,20,"[""96-85""]"
4,34,"[""96-85""]"
214,165,"[""179-58"", ""96-87""]"
6,43,"[""96-89""]"
0,16,"[""179-61"", ""96-92""]"
16,33,"[""179-61"", ""96-92""]"
214,212,"[""179-12"", ""179-16"", ""179-30"", ""179-31"", ""179-62"", ""179-66"", ""179-7"", ""96-94"", ""96-99""]"
212,94,"[""179-12"", ""179-62"", ""96-94""]"
94,85,"[""179-62"", ""96-94""]"
85,126,"[""179-62"", ""96-94""]"
126,3,"[""179-62"", ""96-94""]"
67,8,"[""179-63"", ""96-95""]"
222,164,"[""179-65"", ""96-97""]"
212,67,"[""179-66"", ""96-99""]"
67,108,"[""179-66"", ""96-99""]"
108,128,"[""179-66"", ""96-99""]"
128,15,"[""179-66"", ""96-99""]"
39,164,"[""179-68"", ""96-101""]"
164,215,"[""179-60"", ""179-68"", ""96-101""]"
30,40,"[""179-70"", ""96-103""]"
19,34,"[""179-49"", ""96-105""]"
27,6,"[""179-71"", ""96-106""]"
34,3,"[""179-18"", ""96-107""]"
20,175,"[""104-1"", ""104-101""]"
93,4,"[""104-112"", ""104-43"", ""104-6""]"
83,41,"[""104-7"", ""104-78"", ""168-89""]"
41,175,"[""104-11"", ""104-17"", ""104-19"", ""104-28"", ""104-57"", ""104-63"", ""104-7"", ""104-73"", ""104-78""]"
41,119,"[""104-12""]"
119,220,"[""104-12""]"
220,4,"[""104-115"", ""104-12""]"
4,47,"[""104-12""]"
47,4,"[""104-12""]"
93,175,"[""104-104"", ""104-15"", ""104-22"", ""104-48"", ""104-76""]"
4,221,"[""104-19"", ""104-29""]"
221,4,"[""104-19"", ""104-52"", ""104-53"", ""104-79"", ""104-86""]"
4,49,"[""104-19"", ""104-44""]"
49,222,"[""104-19""]"
222,28,"[""104-19""]"
28,125,"[""104-19""]"
4,220,"[""104-115"", ""104-19""]"
220,41,"[""104-19"", ""134-18"", ""174-47""]"
48,93,"[""104-22""]"
175,220,"[""104-24""]"
220,175,"[""104-24""]"
175,49,"[""104-24"", ""104-37""]"
0,5,"[""104-25""]"
5,6,"[""104-25""]"
6,175,"[""104-111"", ""104-25"", ""104-62"", ""104-74"", ""104-80""]"
47,49,"[""104-27""]"
49,175,"[""104-27"", ""104-52"", ""104-55"", ""104-94""]"
6,41,"[""104-101"", ""104-110"", ""104-31"", ""134-70""]"
223,159,"[""104-34""]"
159,4,"[""104-34""]"
20,223,"[""104-35""]"
223,41,"[""104-35""]"
0,36,"[""104-36""]"
0,49,"[""104-37"", ""104-43"", ""104-52""]"
219,140,"[""104-38""]"
221,139,"[""104-41""]"
228,224,"[""104-43""]"
224,93,"[""104-43""]"
4,157,"[""104-43""]"
157,0,"[""104-43""]"
221,21,"[""104-46""]"
225,21,"[""104-49"", ""104-82""]"
21,175,"[""104-49"", ""104-72""]"
225,223,"[""104-51""]"
223,219,"[""104-51""]"
175,221,"[""104-53"", ""104-66"", ""104-80"", ""104-86""]"
180,49,"[""104-55""]"
92,4,"[""104-56"", ""104-84""]"
21,62,"[""104-59""]"
175,0,"[""104-61"", ""104-93""]"
6,223,"[""104-62""]"
223,6,"[""104-62""]"
175,227,"[""104-62"", ""104-63""]"
219,0,"[""104-63""]"
0,78,"[""104-63"", ""134-61""]"
78,41,"[""104-63""]"
226,200,"[""104-65""]"
200,225,"[""104-65""]"
175,92,"[""104-66"", ""104-74"", ""104-84""]"
4,118,"[""104-66""]"
118,175,"[""104-66""]"
221,219,"[""104-66"", ""104-80""]"
36,175,"[""104-67""]"
221,175,"[""104-68""]"
4,223,"[""104-112"", ""104-70""]"
223,175,"[""104-70""]"
175,21,"[""104-71"", ""174-68""]"
175,6,"[""104-101"", ""104-74""]"
180,196,"[""104-77""]"
196,20,"[""104-77""]"
221,83,"[""104-78""]"
0,227,"[""104-81""]"
0,175,"[""104-84""]"
175,93,"[""104-85"", ""104-90""]"
175,5,"[""104-87""]"
5,4,"[""104-87""]"
219,228,"[""104-88""]"
175,78,"[""104-89""]"
41,229,"[""104-93""]"
229,175,"[""104-93""]"
0,242,"[""104-94"", ""174-11""]"
242,49,"[""104-94""]"
175,196,"[""104-95""]"
196,175,"[""104-95""]"
180,175,"[""104-101"", ""104-99""]"
6,159,"[""104-100""]"
159,6,"[""104-100""]"
10,245,"[""104-102""]"
245,4,"[""104-102""]"
219,227,"[""104-105"", ""104-108""]"
219,175,"[""104-107"", ""104-109""]"
175,219,"[""104-107""]"
228,219,"[""104-108""]"
41,230,"[""104-110"", ""168-89""]"
230,6,"[""104-110""]"
41,159,"[""104-111""]"
159,162,"[""104-111""]"
162,6,"[""104-111""]"
223,21,"[""104-112""]"
21,219,"[""104-113""]"
118,224,"[""134-15""]"
6,220,"[""134-18""]"
191,18,"[""134-34""]"
0,191,"[""134-39"", ""134-40"", ""134-42"", ""134-48""]"
6,78,"[""134-44""]"
41,30,"[""134-53""]"
118,6,"[""134-70""]"
0,231,"[""147-3"", ""147-53"", ""147-54""]"
40,25,"[""147-13"", ""147-49""]"
25,40,"[""147-23"", ""147-41"", ""147-75""]"
30,83,"[""147-57"", ""147-60""]"
25,140,"[""147-62""]"
140,171,"[""147-62""]"
4,97,"[""147-63""]"
118,69,"[""147-65""]"
118,139,"[""147-78""]"
193,165,"[""168-1""]"
232,50,"[""168-15""]"
83,234,"[""168-18"", ""168-92""]"
69,38,"[""168-22""]"
118,235,"[""168-23""]"
83,237,"[""168-25"", ""168-31""]"
233,178,"[""168-28""]"
83,62,"[""168-29"", ""168-35"", ""168-45"", ""168-48""]"
62,234,"[""168-29"", ""168-35"", ""168-87""]"
230,178,"[""168-30""]"
233,232,"[""168-32""]"
232,0,"[""168-32""]"
83,117,"[""168-33""]"
30,236,"[""168-34""]"
18,235,"[""168-39""]"
235,234,"[""168-39""]"
83,205,"[""168-41""]"
233,220,"[""168-42""]"
62,237,"[""168-45"", ""168-96""]"
237,235,"[""168-45""]"
83,233,"[""168-46""]"
233,238,"[""168-46""]"
233,83,"[""168-48""]"
118,62,"[""168-51""]"
62,235,"[""168-51"", ""168-56""]"
233,4,"[""168-52""]"
119,237,"[""168-53""]"
237,234,"[""168-53""]"
233,8,"[""168-56""]"
8,4,"[""168-56""]"
4,62,"[""168-56""]"
6,235,"[""168-58""]"
239,240,"[""168-63""]"
235,238,"[""168-64""]"
238,233,"[""168-64""]"
83,230,"[""168-68""]"
230,25,"[""168-84""]"
230,232,"[""168-86""]"
232,118,"[""168-86""]"
230,118,"[""168-88""]"
118,1,"[""168-94""]"
233,118,"[""168-95""]"
21,241,"[""174-7""]"
241,208,"[""174-7""]"
208,241,"[""174-7""]"
78,118,"[""174-8""]"
21,8,"[""174-10""]"
8,21,"[""174-10""]"
6,129,"[""174-11""]"
6,127,"[""174-11""]"
127,0,"[""174-11"", ""174-12""]"
242,0,"[""174-11""]"
4,224,"[""174-12""]"
224,21,"[""174-12""]"
243,244,"[""174-17""]"
78,83,"[""174-25"", ""174-61""]"
4,127,"[""174-34""]"
127,4,"[""174-34""]"
244,243,"[""174-37""]"
18,171,"[""174-43""]"
171,78,"[""174-43""]"
78,171,"[""174-43""]"
4,78,"[""174-45""]"
245,78,"[""174-47""]"
78,220,"[""174-47""]"
41,78,"[""174-47""]"
4,153,"[""174-51""]"
245,21,"[""174-55""]"
214,26,"[""179-2""]"
26,0,"[""179-2""]"
214,90,"[""179-5""]"
90,126,"[""179-5""]"
212,12,"[""179-7""]"
12,44,"[""179-7""]"
44,34,"[""179-7""]"
11,164,"[""179-11"", ""179-18""]"
94,126,"[""179-12""]"
126,33,"[""179-12""]"
212,85,"[""179-16""]"
85,20,"[""179-16""]"
48,34,"[""179-18""]"
211,214,"[""179-20""]"
0,215,"[""179-21"", ""179-24"", ""179-49"", ""179-53""]"
215,214,"[""179-21"", ""179-24"", ""179-30""]"
216,99,"[""179-22""]"
99,214,"[""179-23""]"
216,214,"[""179-30""]"
212,214,"[""179-30""]"
0,246,"[""179-30""]"
246,34,"[""179-30""]"
22,8,"[""179-31""]"
8,210,"[""179-31""]"
212,108,"[""179-31""]"
108,4,"[""179-31""]"
4,214,"[""179-31""]"
0,15,"[""179-41""]"
15,207,"[""179-41""]"
207,164,"[""179-41""]"
33,20,"[""179-46""]"
20,41,"[""179-46""]"
41,93,"[""179-46""]"
93,0,"[""179-46""]"
211,33,"[""179-52""]"
214,7,"[""179-56""]"
7,4,"[""179-56""]"
164,39,"[""179-70""]"
39,30,"[""179-70""]"
